Hospital Id,Hospital Name,State,District,Hospital Contact,Current Specialities,Hospital Type,Empanelment Type,OnBoarded For Convergence Scheme
HOSP13P170085,ESCORT HEART INSTITUTE AND RESEARCH CENTRE,NCT OF Delhi,SOUTH DELHI,9958145318,"BM, CP, MC, MG, MN, MO, MP, MR, OC, SB, SE, SG, SL, SM, SN, SO, SP, SS, SU, SV",Private(For Profit),State Specific Empanelment,No
HOSP37G19512,Safdarjung Hospital,NCT OF Delhi,SOUTH WEST DELHI,9968057359,"M1, M2, S8, M7, S7, M3, M4, M5, M6, S1, S10, S11, S12, S13, S14, S15, S16, S2, S3, S4, S5, S6, S9",GOI,PMJAY,No
HOSP37G25541,Kalawati Saran Children Hospital,NCT OF Delhi,CENTRAL DELHI,9818837214,"M2, M3, M4, S14",GOI,PMJAY,No
HOSP37G28616,Lady Hardinge Medical College & SSK Hospital,NCT OF Delhi,CENTRAL DELHI,9013435940,"M1, M2, S8, M7, S1, S14, S16, S2, S3, S4, S5, M6",GOI,PMJAY,No
HOSP37G31478,Dr. Ram Manohar Lohia Hospital,NCT OF Delhi,CENTRAL DELHI,9818402394,"M1, M2, S8, M7, S7, M3, S1, S10, S11, S12, S13, S14, S16, S2, S3, S4, S5, S6, S9",GOI,PMJAY,No
HOSP37G36554,"All India Institute of Medical Sciences, New Delhi",NCT OF Delhi,SOUTH WEST DELHI,9355872488,"M1, M2, S8, M7, S7, M3, M4, M5, M6, M8, S1, S10, S11, S12, S13, S14, S15, S16, S2, S3, S4, S5, S6, S9",GOI,PMJAY,No
HOSP37G70071,NATIONAL INSTITUTE OF TUBERCULOSIS AND RESPIRATORY DISEASES,NCT OF Delhi,NEW DELHI,9818844709,M1,Public,PMJAY,No
HOSP37P65284,Cygnus MLS Superspeciality Hospital,NCT OF Delhi,NEW DELHI,9990998837,"M1, M7, M2, S1, S12, S2, S3, S4, S5",Private(For Profit),PMJAY,No
HOSP37P68815,CENTRE FOR SIGHT Safdarjung Enclave ,NCT OF Delhi,NEW DELHI,9958422442,S3,Private(For Profit),PMJAY,No
HOSP37P71155,KALRA HOSPITAL SRCNC PVT LTD,NCT OF Delhi,WEST DELHI,9891445937,"M1, M2, S8, M7, S7, S1, S13, S16, S2, S3, S4, S5, S6, S9",Private(For Profit),PMJAY,No
HOSP37P72508,KUKREJA HOSPITAL & HEART CENTER PVT LTD,NCT OF Delhi,NEW DELHI,9205824724,"M1, M2, S8, M7, S7, M3, S1, S10, S11, S12, S13, S2, S4, S5, S6, S9",Private(For Profit),PMJAY and CGHS,No
HOSP37P72622,AYUSHMAN HOSPITAL & HEALTH SERVICES,NCT OF Delhi,NEW DELHI,9540351888,"M1, M2, S8, M7, S7, M3, M5, S1, S10, S11, S12, S14, S16, S2, S3, S4, S5, S9",Private(For Profit),PMJAY,No
HOSP7G124128,Nav Drishti Eye Centre,NCT OF Delhi,SHAHDARA,9962553631,S3,Public,Only CAPF,No
HOSP7G124129,Netram Eye Centre,NCT OF Delhi,SOUTH EAST DELHI,9212646655,S3,Public,Only CAPF,No
HOSP7G124131,SR Advance Dental Clin,NCT OF Delhi,NORTH WEST DELHI,9811911569,S16,Public,Only CAPF,No
HOSP7G124150,DELHI MULTI SPECIALITY DENTAL CLINIC,NCT OF Delhi,SHAHDARA,8860364308,S16,Public,Only CAPF,No
HOSP7G124152,PRECISION DENTAL CARE,NCT OF Delhi,SOUTH DELHI,9810268778,S16,Public,Only CAPF,No
HOSP7G124633,FORESIGHT EYE CLINIC,NCT OF Delhi,SOUTH DELHI,8512810001,S3,Private(For Profit),Only CGHS,Yes
HOSP7G129527,CYGNUS MLS SUPERSPECIALITY HOSPITAL,NCT OF Delhi,NORTH WEST DELHI,9910136153,"M1, M2, S8, M7, S7, M5, M6, S1, S12, S13, S14, S15, S16, S2, S3, S4, S5, S9, CP, MC, MG, MP, OC, SB, SE, SG, SM, SN, SO, SU, SV",Public,Only CGHS,Yes
HOSP7G129959,sardana eye institute,NCT OF Delhi,WEST DELHI,9716101030,SE,Public,Only CGHS,Yes
HOSP7G137820,RATHI HOSPITAL,NCT OF Delhi,WEST DELHI,9711991234,"M1, M2, S8, M7, S7, M3, M5, M8, S1, S10, S11, S12, S16, S2, S3, S4, S5, S6, S9, M4, S13, S14, S15",Private(For Profit),PMJAY,Yes
HOSP7P07825,SONIA HOSPITAL,NCT OF Delhi,NEW DELHI,9973077695,"M1, M7, S7, M2, S1, S2, S3, S4, S5, S8, M3, M5, S12, S14, S15, S16, S6, S9",Private(For Profit),PMJAY,No
HOSP7P07850,Dr. Kapurs The Healing Touch Eye & Maternity Centre,NCT OF Delhi,NEW DELHI,9871789999,S3,Private(For Profit),PMJAY,No
HOSP7P08039,DR SHROFFS CHARITY EYE HOSPITAL,NCT OF Delhi,NEW DELHI,9315903922,"S3, S2",Private(Not For Profit),PMJAY,No
HOSP7P115926,MAHARAJA AGARSAIN MULTISPECIALITY HOSPITAL ,NCT OF Delhi,NORTH WEST DELHI,9891654929,"M1, M7, S7, M2, S1, S16, S2, S3, S4, S5",Private(Not For Profit),Only CGHS,No
HOSP7P116139,Karuna Sindhu Charitable Hospital,NCT OF Delhi,SOUTH WEST DELHI,8826891954,S3,Private(For Profit),PMJAY,No
HOSP7P116281,NIRMAL HOSPITAL ,NCT OF Delhi,NORTH WEST DELHI,9818786187,"M1, M7, M2, S1, S4, S5",Private(For Profit),PMJAY,No
HOSP7P116294,KHANDELWAL HOSPITAL & UROLOGY CENTRE PVT. LTD.,NCT OF Delhi,EAST DELHI,9540938211,"M1, M7, S7, M2, S1, S2, S4, S5",Private(For Profit),PMJAY,No
HOSP7P116343,Sanjeevan Medical Research Centre Pvt Ltd,NCT OF Delhi,CENTRAL DELHI,9810636938,"M1, M2, S8, M7, S7, M3, S1, S12, S13, S16, S2, S4, S5, S6, S9",Private(For Profit),PMJAY,No
HOSP7P116406,UNIVERSAL CENTER OF HEALTH SCIENCES,NCT OF Delhi,SOUTH EAST DELHI,8800800500,"M1, M2, S8, M7, S7, M3, M4, M5, M6, S1, S10, S11, S12, S13, S14, S15, S2, S3, S4, S5, S9",Private(Not For Profit),PMJAY,No
HOSP7P116435,MATA ROOP RANI MAGGO & MAHINDRU HOSPITAL ,NCT OF Delhi,SOUTH WEST DELHI,9354887216,"M1, M2, S8, M7, S7, M3, M5, S1, S10, S11, S12, S14, S16, S2, S3, S4, S5, S9",Private(For Profit),PMJAY,No
HOSP7P118041,eye4u,NCT OF Delhi,SOUTH WEST DELHI,8076930915,S3,Private(For Profit),PMJAY,No
HOSP7P119402,Nephrine Unit DCDC Health Services Private Limited,NCT OF Delhi,SOUTH WEST DELHI,9643328319,"M1, S7",Private(For Profit),PMJAY,No
HOSP7P119728,Sharp Sight Centre ,NCT OF Delhi,EAST DELHI,9582352930,S3,Private(For Profit),PMJAY,No
HOSP7P120010,MANGALAM MEDICAL AND SURGICAL CENTRE,NCT OF Delhi,NORTH WEST DELHI,9811884062,"M1, M7, M2, S1, S10, S11, S16, S2, S4, S5, S6, S7",Private(For Profit),PMJAY and CGHS,Yes
HOSP7P120631,Eye Mantra Hospital,NCT OF Delhi,NORTH WEST DELHI,9999876549,S3,Private(For Profit),PMJAY,No
HOSP7P120870,Action Cancer Hospital,NCT OF Delhi,WEST DELHI,9873248779,"M4, M5, M6, S15, M1, M7",Private(Not For Profit),PMJAY,No
HOSP7P121084,DCDC Health Services Pvt. Ltd.,NCT OF Delhi,NORTH WEST DELHI,8506007299,"M1, S7",Private(For Profit),PMJAY,No
HOSP7P124114,BHARTI EYE FOUNDATION,NCT OF Delhi,CENTRAL DELHI,9810060477,S3,Private(For Profit),Only CAPF,No
HOSP7P124117,BHARTI EYE HOSPITAL,NCT OF Delhi,SOUTH DELHI,9810060477,S3,Private(For Profit),Only CAPF,No
HOSP7P124119,Dr.Nanda Eye Care Centre,NCT OF Delhi,NEW DELHI,9717655695,S3,Private(For Profit),Only CAPF,No
HOSP7P124124,AHUJA LASER EYE CENTRE,NCT OF Delhi,NORTH WEST DELHI,9818865715,S3,Private(For Profit),Only CAPF,No
HOSP7P124126,MAHAJAN EYE CENTRE,NCT OF Delhi,NORTH WEST DELHI,9311111120,S3,Private(For Profit),Only CAPF,No
HOSP7P124134,SRI BALAJI ACTION MEDICAL INSTITIUTE,NCT OF Delhi,WEST DELHI,9953820293,"M1, M2, S8, M7, S7, M3, M8, S1, S10, S11, S12, S13, S14, S16, S2, S3, S4, S5, S6, S9",Private(For Profit),Only CAPF,No
HOSP7P124136,STARS DENTAL CLINIC,NCT OF Delhi,SOUTH WEST DELHI,8851822336,S3,Private(For Profit),Only CAPF,No
HOSP7P124630,EYE SCIENCES,NCT OF Delhi,NEW DELHI,7042672026,S3,Private(For Profit),Only CGHS,Yes
HOSP7P124634,I Clinix Advanced Eye Care,NCT OF Delhi,SOUTH DELHI,9899036328,"S3, SE",Private(For Profit),Only CGHS,Yes
HOSP7P125270,Nirmla Hospital,NCT OF Delhi,NEW DELHI,9213752679,"M1, M7, M2, S1, S2, S4, S5",Private(For Profit),PMJAY,No
HOSP7P125441,chopra eye hospital,NCT OF Delhi,NORTH WEST DELHI,9811033053,"S3, OC",Private(Not For Profit),Only CGHS,Yes
HOSP7P125540,32 SMILE STONE DENTAL CLINIC,NCT OF Delhi,SOUTH EAST DELHI,9999060619,SM,,Only CGHS,No
HOSP7P125541,ADEP CLINICAL RESEARCH & DIAGNOSTICS,NCT OF Delhi,SOUTH EAST DELHI,9811072668,"M1, M7",,Only CGHS,No
HOSP7P125542,ADVANCED DENTAL CARE,NCT OF Delhi,NEW DELHI,9212167334,SM,,Only CGHS,Yes
HOSP7P125543,AHUJA EYE CENTRE-SHALIMAR BAGH,NCT OF Delhi,NORTH WEST DELHI,9810432051,"S3, SE",,Only CGHS,Yes
HOSP7P125545,AMAR EYE CENTER,NCT OF Delhi,NEW DELHI,9716899661,S3,,Only CGHS,No
HOSP7P125547,ANANT JYOTI EYE HOSPITAL,NCT OF Delhi,NEW DELHI,9310010480,SE,,Only CGHS,No
HOSP7P125548,APEX HEALTHCARE AND RESEARCH CENTRE,NCT OF Delhi,NEW DELHI,9716833714,"BM, CP, MC, MG, MN, MO, MP, OC, SB, SE, SG, SL, SM, SN, SO, SP, SS, SU",Private(For Profit),Only CGHS,Yes
HOSP7P125549,ARIHANT EYE CENTRE,NCT OF Delhi,NORTH DELHI,9818756857,S3,,Only CGHS,Yes
HOSP7P125550,ASHOK NURSING HOME,NCT OF Delhi,NEW DELHI,9811102502,"CP, MC, MG, MP, OC, SB, SG, SN, SO, SU",Private(For Profit),Only CGHS,No
HOSP7P125551,BAHL DENTAL CLINIC AND IMPLANT CENTRE,NCT OF Delhi,NEW DELHI,9718319690,S16,,Only CGHS,Yes
HOSP7P125552,BALAJI DENTAL CARE,NCT OF Delhi,NORTH EAST DELHI,9953170756,S16,,Only CGHS,Yes
HOSP7P125553,balaji dental centre ,NCT OF Delhi,NEW DELHI,9811210812,SM,,Only CGHS,Yes
HOSP7P125554,BAPU NATURE CURE HOSPITAL,NCT OF Delhi,EAST DELHI,9891775577,"M1, M7",Private(For Profit),Only CGHS,Yes
HOSP7P125556,Best O Care Pedodontic and Multispeciality Dental Clinic,NCT OF Delhi,NEW DELHI,9968790286,"S16, SM",,Only CGHS,Yes
HOSP7P125557,BHAGAT CHANDRA HOSPITAL,NCT OF Delhi,SOUTH WEST DELHI,8395994074,"M1, M2, S8, M7, S7, S1, S10, S11, S12, S14, S16, S2, S3, S4, S5, S9, CP, MC, MG, MN, MP, OC, SB, SE, SG, SL, SM, SN, SO, SP, SS, SU",Private(For Profit),Only CGHS,Yes
HOSP7P125558,BHATIA GLOBAL HOSPITAL & ENDO-SURGERY INSTITUTE,NCT OF Delhi,NEW DELHI,9717050712,"M1, M2, S8, M7, S7, M3, M4, M5, M6, S1, S10, S11, S12, S13, S14, S15, S16, S2, S3, S4, S5, S6, S9",Private(For Profit),Only CGHS,Yes
HOSP7P125559,BRIJ DENTAL CLINIC,NCT OF Delhi,NEW DELHI,9958407268,S16,,Only CGHS,No
HOSP7P125560,C 15 MRI IMAGING & DIAGNOSTICS RESEARCH CENTRE LTD,NCT OF Delhi,NEW DELHI,9312401885,-NA-,,Only CGHS,Yes
HOSP7P125561,CAPITAL X-RAY &  SCAN CLINIC,NCT OF Delhi,NEW DELHI,9911226464,-NA-,,Only CGHS,Yes
HOSP7P125562,CARE DIAGNOSTICS,NCT OF Delhi,WEST DELHI,8527552380,-NA-,,Only CGHS,No
HOSP7P125563,CARE EYE CENTRE & DIAGNOSTICS,NCT OF Delhi,NEW DELHI,8527552380,SE,Private(For Profit),Only CGHS,No
HOSP7P125565,CLINICAL DIAGNOSTIC CENTRE,NCT OF Delhi,EAST DELHI,9599022927,"M1, M7",Private(For Profit),Only CGHS,Yes
HOSP7P125566,COMPLETE EYE CARE CENTRE,NCT OF Delhi,EAST DELHI,9350911825,SE,,Only CGHS,Yes
HOSP7P125570,DELHI 32 DENTAL CENTRE,NCT OF Delhi,EAST DELHI,9818428719,SM,,Only CGHS,Yes
HOSP7P125572,DELHI DENTAL HUB,NCT OF Delhi,NEW DELHI,9891373779,S16,,Only CGHS,Yes
HOSP7P125573,DELHI EYE CENTRE,NCT OF Delhi,CENTRAL DELHI,7982133500,SE,,Only CGHS,No
HOSP7P125574,DELHI HEART HOSPITAL,NCT OF Delhi,NEW DELHI,9810031424,"CP, MC, MG, OC",Private(For Profit),Only CGHS,No
HOSP7P125576,DENTAL ART,NCT OF Delhi,NEW DELHI,9540003003,-NA-,,Only CGHS,Yes
HOSP7P125578,DENTAL MAESTRO(MULTISPECIALITY DENTAL CLINIC & IMP,NCT OF Delhi,NEW DELHI,9990991490,"S16, SM",,Only CGHS,Yes
HOSP7P125579,DENTAL WORLD,NCT OF Delhi,NEW DELHI,9312507893,S16,,Only CGHS,Yes
HOSP7P125580,DENTALIVE DENTAL CLINIC,NCT OF Delhi,NORTH EAST DELHI,9810250113,S1,,Only CGHS,Yes
HOSP7P125581,DENTAPPLE DENTAL CLINIC AND IMPLANT CENTRE-LAXMI N,NCT OF Delhi,NEW DELHI,9711169571,S16,,Only CGHS,Yes
HOSP7P125582,DENTEM (GT DENTA CARE (P) LTD),NCT OF Delhi,SOUTH WEST DELHI,9818341745,S16,Private(For Profit),Only CGHS,Yes
HOSP7P125583,DIVYA PRASTHA HOSPITAL,NCT OF Delhi,NEW DELHI,7827373981,"M1, M7, M2, S1, S2, S4, S5",Private(For Profit),Only CGHS,Yes
HOSP7P125584,DOCTORS DIAGNOSTIC CENTRE,NCT OF Delhi,NEW DELHI,9990217338,-NA-,,Only CGHS,Yes
HOSP7P125585,DR AGGARWALS EYE CLINIC,NCT OF Delhi,WEST DELHI,9811069069,S3,,Only CGHS,No
HOSP7P125586,DR ANAND S IMAGING CENTRE- PREET VIHAR,NCT OF Delhi,NEW DELHI,9810554229,-NA-,,Only CGHS,Yes
HOSP7P125588,DR LAL MULTISPECIALITY DENTAL & IMPLANT CLINIC,NCT OF Delhi,EAST DELHI,9999622100,-NA-,,Only CGHS,Yes
HOSP7P125589,DR LAL PATH LABS LTD - ROHINI,NCT OF Delhi,NEW DELHI,8527999142,-NA-,,Only CGHS,No
HOSP7P125593,DR P BHASIN PATHLABS (P) LTD - GREATER KAILASH,NCT OF Delhi,NEW DELHI,9810637037,-NA-,,Only CGHS,No
HOSP7P125595,DR S S DODA S ULTRASOUND CENTRE-PUSA ROAD,NCT OF Delhi,NEW DELHI,9643106754,-NA-,,Only CGHS,Yes
HOSP7P125596,DR SAVITA JAIN S ARUN IMAGING CENTRE,NCT OF Delhi,SHAHDARA,9810933379,-NA-,,Only CGHS,Yes
HOSP7P125598,DR SHWETA S DENTAL CLINIC,NCT OF Delhi,NEW DELHI,9811227991,SM,,Only CGHS,No
HOSP7P125599,DR SURESH GARG EYE & LASER CENTER,NCT OF Delhi,NORTH WEST DELHI,9899389330,SE,,Only CGHS,No
HOSP7P125600,DR. CHAUDHARYS MORAL HOSPITAL PVT. LTD.,NCT OF Delhi,NEW DELHI,8750118210,"M1, M7, M2, S1, S16, S2, S4, S5",Private(For Profit),Only CGHS,Yes
HOSP7P125602,DR. GYANS DENTAL SPECIALITY CLINIC,NCT OF Delhi,NORTH WEST DELHI,7015406205,S16,,Only CGHS,Yes
HOSP7P125603,DR. HANDA S COMPLETE FAMILY DENTAL CARE,NCT OF Delhi,NORTH WEST DELHI,9873042900,SM,,Only CGHS,Yes
HOSP7P125604,DR. PARIA DENTAL CLINIC,NCT OF Delhi,NEW DELHI,9599966179,S16,,Only CGHS,Yes
HOSP7P125605,DR. PRIYADARSHINIS SMILE CARE,NCT OF Delhi,NEW DELHI,8210655050,S16,Private(For Profit),Only CGHS,Yes
HOSP7P125606,Rx Multispeciality Dental Clinic,NCT OF Delhi,NEW DELHI,9818791850,S16,Private(For Profit),Only CGHS,No
HOSP7P125608,DR.DHAWAN S NETRA EYE HOSPITAL,NCT OF Delhi,WEST DELHI,9310440455,S3,,Only CGHS,No
HOSP7P125609,DRISHTI EYE CARE CENTRE - PATPARGANJ RD,NCT OF Delhi,NEW DELHI,9810662272,S3,,Only CGHS,Yes
HOSP7P125611,DRS NORTHEX EYE INSTITUTE PVT LTD,NCT OF Delhi,NEW DELHI,9811222289,SE,,Only CGHS,Yes
HOSP7P125612,HEALTHIANS LABS,NCT OF Delhi,NEW DELHI,9728873009,-NA-,,Only CGHS,No
HOSP7P125613,EYE CARE CENTRE,NCT OF Delhi,NORTH EAST DELHI,9312320033,S3,,Only CGHS,No
HOSP7P125615,EYE SIGHT LASER CENTRE,NCT OF Delhi,NEW DELHI,9911105687,S3,,Only CGHS,No
HOSP7P125616,Eye7 Hospitals Pvt Ltd,NCT OF Delhi,SOUTH EAST DELHI,9560466110,"S3, SE",Private(For Profit),Only CGHS,Yes
HOSP7P125617,FACES N BRACES DENTAL CLINIC,NCT OF Delhi,NEW DELHI,9278374151,S16,,Only CGHS,No
HOSP7P125619,FOCUS PATHOLOGICAL SERVICES PRIVATE LIMITED,NCT OF Delhi,SOUTH DELHI,9873494949,S12,,Only CGHS,No
HOSP7P125621,GAGAN PATHOLOGY AND IMAGING PVT LTD,NCT OF Delhi,NEW DELHI,9971557167,-NA-,,Only CGHS,Yes
HOSP7P125626,GANESH MRI CENTRE PVT LTD,NCT OF Delhi,NEW DELHI,9212125996,S12,Private(For Profit),Only CGHS,Yes
HOSP7P125628,GOYAL MRI & DIAGNOSTIC CENTRE-SAFDARJUNG,NCT OF Delhi,NEW DELHI,9810287191,-NA-,,Only CGHS,Yes
HOSP7P125629,GUPTA MULTISPECIALITY HOSPITAL,NCT OF Delhi,NEW DELHI,9810215804,"CP, MG, MP, OC, SB, SE, SG, SM, SO, SU",Private(For Profit),Only CGHS,No
HOSP7P125630,GUPTAS DENTAL CLINIC & IMPLANT CENTER,NCT OF Delhi,NORTH EAST DELHI,8888880521,S16,,Only CGHS,Yes
HOSP7P125633,HOUSE OF DENTISTRY,NCT OF Delhi,NORTH EAST DELHI,7835887273,SM,,Only CGHS,Yes
HOSP7P125635,I CARE CENTRE,NCT OF Delhi,NEW DELHI,9873783824,"CP, OC, SE",Private(For Profit),Only CGHS,Yes
HOSP7P125636,INDUS VALLEY HOSPITALS,NCT OF Delhi,SOUTH WEST DELHI,9811789919,"M1, M7, M2, M3, S1, S16, S2, S3, S4, S5, S6",Private(For Profit),Only CGHS,No
HOSP7P125637,IRENE HOSPITAL,NCT OF Delhi,NEW DELHI,9310190804,"CP, MG, OC, SB, SG, SN, SO, SP, SU",Private(For Profit),Only CGHS,Yes
HOSP7P125638,J A ANEJA MULTISPECIALITY DENTAL CENTRE,NCT OF Delhi,NEW DELHI,8882351115,SM,,Only CGHS,No
HOSP7P125639,JAIN EYE HOSPITAL & LASER CENTRE,NCT OF Delhi,NORTH WEST DELHI,8585977709,S3,Private(For Profit),Only CGHS,No
HOSP7P125641,JEEWAN NURSING HOME & HOSPITAL,NCT OF Delhi,NEW DELHI,9810013265,"BM, CP, MG, OC, SB, SG, SO, SP",Private(For Profit),Only CGHS,Yes
HOSP7P125644,KRISHNA DENTAL CLINIC,NCT OF Delhi,SOUTH WEST DELHI,8800564597,S16,,Only CGHS,Yes
HOSP7P125646,KUMAR DENTAL CLINIC,NCT OF Delhi,NEW DELHI,9810531209,S16,,Only CGHS,Yes
HOSP7P125653,MITTAL DENTAL AND POLYCLINIC,NCT OF Delhi,SOUTH WEST DELHI,9560579848,S16,,Only CGHS,Yes
HOSP7P125654,MODERN DENTAL AND ORO MAXILLOFACIAL CLINIC,NCT OF Delhi,NEW DELHI,9910819907,S16,,Only CGHS,Yes
HOSP7P125655,MUSKAN DENTAL CARE,NCT OF Delhi,CENTRAL DELHI,9958822991,SM,,Only CGHS,No
HOSP7P125656,MY DENTIST,NCT OF Delhi,NEW DELHI,9958788453,S16,Private(For Profit),Only CGHS,Yes
HOSP7P125657,NATIONAL IMAGING & PATH LABS,NCT OF Delhi,NEW DELHI,9899467826,-NA-,,Only CGHS,Yes
HOSP7P125659,NAVNEESH DENTAL CLINIC - SAFDARJUNG ENCLAVE,NCT OF Delhi,NEW DELHI,9810560566,S16,Private(For Profit),Only CGHS,No
HOSP7P125660,NAYAN THE MODERN EYE CARE CENTRE,NCT OF Delhi,NEW DELHI,9810065458,SE,,Only CGHS,No
HOSP7P125662,ORAL CARE DENTAL HEALTH AND ORTHODONTIC CENTRE,NCT OF Delhi,NEW DELHI,9711172259,SM,Private(For Profit),Only CGHS,Yes
HOSP7P125665,PEARL WHITE DENTAL CLINIC,NCT OF Delhi,NEW DELHI,8595109391,SM,,Only CGHS,Yes
HOSP7P125667,PLATINUM IMAGING CENTRE,NCT OF Delhi,NEW DELHI,9891603919,-NA-,,Only CGHS,Yes
HOSP7P125668,PROCARE DENTAL CLINIC & IMPLANT CENTRE,NCT OF Delhi,NEW DELHI,9899226246,SM,,Only CGHS,No
HOSP7P125669,R V S EYE CENTRE,NCT OF Delhi,NORTH WEST DELHI,8076849243,SE,,Only CGHS,Yes
HOSP7P125670,RADIUM EYE CENTRE LLP,NCT OF Delhi,NEW DELHI,9811968587,"S3, SE",,Only CGHS,No
HOSP7P125671,RAJDHANI DENTAL AND ORTHODONTIC CENTRE,NCT OF Delhi,NEW DELHI,9811635679,SM,,Only CGHS,No
HOSP7P125672,RANA EYE CENTRE,NCT OF Delhi,NEW DELHI,9810150652,"S3, SE",,Only CGHS,Yes
HOSP7P125673,RATHI HOSPITAL,NCT OF Delhi,NEW DELHI,9711991234,"M1, M2, S8, M7, S7, M3, M4, M5, M6, S1, S10, S11, S12, S13, S14, S15, S16, S2, S3, S4, S5, S6, S9",Private(For Profit),Only CGHS,Yes
HOSP7P125674,RAVI EYE FOUNDATION,NCT OF Delhi,WEST DELHI,9873006353,S3,,Only CGHS,Yes
HOSP7P125675,REAL IMAGING AND RESEARCH CENTRE LLP,NCT OF Delhi,EAST DELHI,9871341821,-NA-,,Only CGHS,No
HOSP7P125676,S K DENTAL,NCT OF Delhi,WEST DELHI,9811622077,SM,,Only CGHS,Yes
HOSP7P125677,S L DENTAL,NCT OF Delhi,NEW DELHI,9717917878,S16,,Only CGHS,No
HOSP7P125678,SAI DENTAL AND IMPLANT CLINIC,NCT OF Delhi,NEW DELHI,9811119334,SM,,Only CGHS,Yes
HOSP7P125679,SAI MOBIDENT DENTAL CENTER,NCT OF Delhi,NEW DELHI,9313603596,S16,,Only CGHS,Yes
HOSP7P125680,SATYABHAMA HOSPITAL PVT LTD,NCT OF Delhi,WEST DELHI,9999476712,"CP, MG, MN, MP, OC, SB, SE, SG, SL, SO, SP, SS, SU",Private(Not For Profit),Only CGHS,Yes
HOSP7P125681,SAVE SIGHT CENTER-ADARSH NAGAR,NCT OF Delhi,NORTH WEST DELHI,9958537766,S3,Private(For Profit),Only CGHS,Yes
HOSP7P125683,SHAKUNTLA DENTAL CARE,NCT OF Delhi,NEW DELHI,9212591691,CP,,Only CGHS,No
HOSP7P125685,SHANTI MOBIDENT - A UNIT OF BROADWAYS CHARITABLE SOCIETY,NCT OF Delhi,NEW DELHI,9811317960,S16,Private(For Profit),Only CGHS,Yes
HOSP7P125687,SHIVAM DIAGNOSTICS & CANCER RESEARCH INSTITUTE,NCT OF Delhi,NORTH DELHI,9818037005,-NA-,,Only CGHS,No
HOSP7P125689,SHRI RAM SINGH HOSPITAL & HEART INSTITUTE,NCT OF Delhi,EAST DELHI,9811100764,"BM, CP, MG, OC, SB, SE, SG, SL, SN, SO, SU",Private(Not For Profit),Only CGHS,No
HOSP7P125691,SINGH S DENTAL HOSPITAL,NCT OF Delhi,WEST DELHI,9811006375,S16,,Only CGHS,Yes
HOSP7P125692,SIWACH DENTAL HOSPITAL,NCT OF Delhi,NEW DELHI,9811509337,SM,,Only CGHS,No
HOSP7P125693,smile 4 sure dental clinic,NCT OF Delhi,EAST DELHI,9873740163,S16,,Only CGHS,Yes
HOSP7P125694,SMILE DENTAL CLINIC,NCT OF Delhi,NEW DELHI,8860850807,S16,,Only CGHS,No
HOSP7P125695,SMILE EXPERTS,NCT OF Delhi,EAST DELHI,9911444360,S16,Private(For Profit),Only CGHS,Yes
HOSP7P125697,SOUTH POINT DENTISTRY,NCT OF Delhi,SOUTH DELHI,8943560527,S16,Private(For Profit),Only CGHS,Yes
HOSP7P125702,SURAKSHA EYE SURGERY CENTRE - PRATAP BAGH,NCT OF Delhi,NEW DELHI,9811130168,S3,,Only CGHS,No
HOSP7P125703,T32 DENTAL CLINIC,NCT OF Delhi,NEW DELHI,9811048685,S16,,Only CGHS,No
HOSP7P125705,THE CARING TOUCH - DENTAL,NCT OF Delhi,NEW DELHI,9650854711,S16,,Only CGHS,Yes
HOSP7P125706,THE CARING TOUCH - EYE,NCT OF Delhi,NEW DELHI,9811831359,SE,,Only CGHS,Yes
HOSP7P125708,THE DENTAL HUB AND IMPLANT CENTRE,NCT OF Delhi,NEW DELHI,9818117017,S16,,Only CGHS,Yes
HOSP7P125709,TIRATH RAM SHAH CHARITABLE HOSPITAL,NCT OF Delhi,NEW DELHI,9818320921,"CP, MC, MG, MN, MO, MP, OC, SB, SE, SG, SM, SN, SO, SP, SS, SU",Private(For Profit),Only CGHS,Yes
HOSP7P125711,UB OPHTHALMOLOGY LLP,NCT OF Delhi,NEW DELHI,9650200425,S3,Private(For Profit),Only CGHS,No
HOSP7P125713,VINAYAK DENTAL CLINIC,NCT OF Delhi,SOUTH EAST DELHI,9818273635,SM,,Only CGHS,Yes
HOSP7P125714,VISION CARE CENTRE ROHINI,NCT OF Delhi,NEW DELHI,9313753241,SE,Private(For Profit),Only CGHS,No
HOSP7P125716,WHITE FIELD DENTAL CLINIC,NCT OF Delhi,NEW DELHI,9650622253,S16,,Only CGHS,Yes
HOSP7P125717,WISDOM DENTAL MAXILLOFACIAL AND IMPLANT CLINIC,NCT OF Delhi,NEW DELHI,9313495928,"S16, SM",,Only CGHS,Yes
HOSP7P125718,YOGESH EYE CENTRE,NCT OF Delhi,NORTH WEST DELHI,9811056857,SE,,Only CGHS,No
HOSP7P126133,Advance Diagnostic Centre,NCT OF Delhi,SHAHDARA,9716560450,-NA-,,Only CGHS,Yes
HOSP7P126149,BHARTI EYE HOSPITAL,NCT OF Delhi,SOUTH DELHI,9212259171,S3,,Only CGHS,Yes
HOSP7P126152,CENTRE FOR SMILE (DENTAL CLINIC AND IMPLANT CENTRE,NCT OF Delhi,SOUTH DELHI,7838309425,S16,,Only CGHS,No
HOSP7P126153,DELHI MULTI SPECIALITY DENTAL CLINIC,NCT OF Delhi,NEW DELHI,8860364308,OC,,Only CGHS,Yes
HOSP7P126155,KARUNA SINDHU CHARITABLE HOSPITAL,NCT OF Delhi,NEW DELHI,9818544663,SE,Private(Not For Profit),Only CGHS,Yes
HOSP7P126157,LIFE LINE DENTAL CARE,NCT OF Delhi,NEW DELHI,7827070929,OC,,Only CGHS,No
HOSP7P126159,NAV DRISHTI EYE CENTER,NCT OF Delhi,NEW DELHI,9811237130,S3,,Only CGHS,No
HOSP7P126161,PRECISION DENTAL CARE-SARITA VIHAR,NCT OF Delhi,NEW DELHI,9810268778,S16,,Only CGHS,Yes
HOSP7P126162,S.R. ADVANCE DENTAL CLINIC,NCT OF Delhi,NORTH WEST DELHI,9811911569,S16,,Only CGHS,Yes
HOSP7P126163,Shanti Dentals,NCT OF Delhi,NEW DELHI,9555955531,S16,,Only CGHS,Yes
HOSP7P126165,STARS DENTAL CLINIC,NCT OF Delhi,WEST DELHI,9891269861,"S16, OC, SM",,Only CGHS,Yes
HOSP7P126230,Drishti The Vision An Advance Eye Care Centre ,NCT OF Delhi,NORTH WEST DELHI,9899437910,SE,Private(For Profit),Only CGHS,Yes
HOSP7P126294,DELHI EYE CARE,NCT OF Delhi,NEW DELHI,9990809773,SE,Private(For Profit),Only CGHS,Yes
HOSP7P126295,DELHI HEART & LUNG INSTITUTE,NCT OF Delhi,CENTRAL DELHI,9999871777,"M1, M2, S8, M7, S7, M5, S1, S12, S13, S15, S5, CP, MC, MG, MO, OC, SB, SG, SM, SU, SV",Private(For Profit),Only CGHS,Yes
HOSP7P126296,DR. SEKHRI DENTAL AND IMPLANT CLINIC,NCT OF Delhi,EAST DELHI,9582393179,S16,,Only CGHS,Yes
HOSP7P126297,DR.AGGARWALS MULTI-SPECIALITY DELHI DENTAL CLINIC,NCT OF Delhi,NEW DELHI,9899945637,S16,,Only CGHS,No
HOSP7P126298,INDIAN SPINAL INJURIES CENTRE - VASANT KUNJ,NCT OF Delhi,NEW DELHI,9650433787,"M1, M2, S8, M7, S7, M5, S1, S12, S3, S5, S6, S9",Private(For Profit),Only CGHS,Yes
HOSP7P126299,ORTHO PLUS HOSPITAL,NCT OF Delhi,SOUTH WEST DELHI,9811339502,"M1, M7, M2, M3, S1, S10, S11, S12, S14, S16, S2, S4, S5, S6, S7",Private(For Profit),Only CGHS,Yes
HOSP7P126300,PARAM NETHRALAYA,NCT OF Delhi,NEW DELHI,9871810003,S3,,Only CGHS,Yes
HOSP7P126301,SANTOM HOSPITAL PVT. LTD.,NCT OF Delhi,NORTH WEST DELHI,9873205961,"M1, M2, S8, M7, S7, S1, S12, S13, S3, S4, S5",Private(For Profit),Only CGHS,No
HOSP7P126302,SANYA DIAGNOSTICS (UNIT OF SANYA GIC IMAGING P LTD,NCT OF Delhi,SOUTH DELHI,8447270579,"M1, M7",,Only CGHS,Yes
HOSP7P126303,SHIVAM DENTAL CLINIC,NCT OF Delhi,NORTH DELHI,9810536375,S16,,Only CGHS,Yes
HOSP7P126304,SHREYA EYE CENTRE,NCT OF Delhi,NEW DELHI,9871772295,S3,,Only CGHS,No
HOSP7P126305,SMIRK DENTAL & IMPLANT CENTRE,NCT OF Delhi,NEW DELHI,9810652422,S16,,Only CGHS,No
HOSP7P126306,TOTAL DIAGNOSTICS CARE,NCT OF Delhi,NEW DELHI,9958214077,-NA-,,Only CGHS,No
HOSP7P126405,BRAHM SHAKTI HOSPITAL - BUDH VIHAR,NCT OF Delhi,NEW DELHI,9555546973,"M1, M2, S8, M7, S7, M3, S1, S10, S11, S12, S14, S16, S2, S3, S4, S5, S6, S9",Private(For Profit),Only CGHS,No
HOSP7P126406,INDIANA DIAGNOSTICS (INDIANA HEALTHCARE PVT. LTD.),NCT OF Delhi,NEW DELHI,9650633664,-NA-,,Only CGHS,No
HOSP7P126407,ISHAN HOSPITAL,NCT OF Delhi,NORTH WEST DELHI,9811417399,"M1, M7, M2, S1, S3, S4, S5",Private(For Profit),Only CGHS,Yes
HOSP7P126408,AGRAWAL EYE INSTITUTE,NCT OF Delhi,NEW DELHI,9871694445,SE,,Only CGHS,No
HOSP7P126409,ANSARI HOSPITAL,NCT OF Delhi,NEW DELHI,8851791828,"BM, CP, MG, MN, MO, MP, OC, SB, SE, SG, SL, SM, SN, SO, SP, SS, SU",Private(For Profit),Only CGHS,No
HOSP7P126411,CRYSTAL DENTAL CENTRE (UNIT OF CRYSTAL DENTALCARE,NCT OF Delhi,SOUTH WEST DELHI,7065613333,S16,,Only CGHS,Yes
HOSP7P126412,DENTAL FOLKS,NCT OF Delhi,NEW DELHI,9599903261,S16,,Only CGHS,Yes
HOSP7P126413,DENTO HUB,NCT OF Delhi,NEW DELHI,9958421091,S16,,Only CGHS,No
HOSP7P126416,DR. GOPAL GOELS DENTAL CLINIC AND IMPLANT CENTRE,NCT OF Delhi,NEW DELHI,9868235811,SM,,Only CGHS,No
HOSP7P126417,EYE 7 HOSPITALS PVT. LTD,NCT OF Delhi,SOUTH WEST DELHI,9717896107,"S3, SE",Private(For Profit),Only CGHS,Yes
HOSP7P126419,GOYAL EYE CENTRE (A UNIT OF GOYAL MEDICARE CENTRE),NCT OF Delhi,NEW DELHI,9313971992,"S3, SE",,Only CGHS,Yes
HOSP7P126420,NEERA EYE CENTRE & LASER VISION,NCT OF Delhi,NEW DELHI,8287463225,"S3, SE",,Only CGHS,Yes
HOSP7P126422,Institute of Brain and Spine A unit of Sri Neuro Care Pvt Ltd,NCT OF Delhi,NEW DELHI,9910244993,"M1, M2, S8, M7, S1, S3, S5, S6, S9",Private(For Profit),Only CGHS,Yes
HOSP7P126423,KAPIL DENTAL CLINIC AND IMPLANT CENTER,NCT OF Delhi,NORTH WEST DELHI,9811763823,S16,,Only CGHS,Yes
HOSP7P126424,HELVETIA DIAGNOSTICS & HEALTHCARE,NCT OF Delhi,NEW DELHI,9910552153,-NA-,,Only CGHS,Yes
HOSP7P126425,KOSMOS SUPER SPECIALITY HOSPITAL,NCT OF Delhi,EAST DELHI,8447696223,"CP, MC, MG, OC, SB, SG, SM, SO, SU",Private(For Profit),Only CGHS,No
HOSP7P126426,PUSHPANJALI MEDICAL CENTRE,NCT OF Delhi,SHAHDARA,9818599728,"M1, M7, M2, S1, S2, S3, S4, S5",Private(For Profit),Only CGHS,No
HOSP7P126428,RPS MEMORIAL MULTISPECIALITY DENTAL CLINIC,NCT OF Delhi,NEW DELHI,9899221971,S16,,Only CGHS,No
HOSP7P126429,S R DENTAL IMPLANTS & BRACES CENTRE,NCT OF Delhi,NORTH WEST DELHI,9810115130,S16,,Only CGHS,No
HOSP7P126430,OM DENTAL CLINIC,NCT OF Delhi,NEW DELHI,9211699143,SM,,Only CGHS,No
HOSP7P126431,PRIMUS SUPER SPECIALTY HOSPITAL,NCT OF Delhi,NEW DELHI,9999861812,"M1, M2, S8, M7, S7, M5, S1, S12, S13, S15, S16, S2, S3, S4, S5, S6, S9",Private(For Profit),Only CGHS,Yes
HOSP7P126432,TEERTHANKER AADINATH BRIGHT DENTAL CARE,NCT OF Delhi,NEW DELHI,7351114255,"S16, SM",,Only CGHS,No
HOSP7P126433,VISION EYE CENTRE-SIRI FORT ROAD,NCT OF Delhi,NEW DELHI,9711631484,SE,,Only CGHS,Yes
HOSP7P126434,VISION EYE CENTRE-WEST PATEL NAGAR,NCT OF Delhi,NEW DELHI,9711631484,SE,Private(For Profit),Only CGHS,Yes
HOSP7P126435,WORLD BRAIN CENTRE HOSPITAL,NCT OF Delhi,NEW DELHI,9999081949,"CP, MG, OC",Private(For Profit),Only CGHS,No
HOSP7P126438,KHANNA MEDICARE CENTRE,NCT OF Delhi,NEW DELHI,9811087151,SE,Private(For Profit),Only CGHS,Yes
HOSP7P126634,ESCORTS HEART INSTITUTE AND RESEARCH CENTRE LTD,NCT OF Delhi,NEW DELHI,9891522290,"M1, M2, S8, M7, S7, S1, S12, S13, S14, S2, S3, S4, S5, S9",Private(For Profit),Only CGHS,No
HOSP7P126635,PANCHSHEEL HOSPITALS PRIVATE LIMITED,NCT OF Delhi,NEW DELHI,9810106800,"BM, CP, MG, MN, MO, MP, OC, SB, SE, SG, SL, SM, SO, SP, SS, SU",Private(For Profit),Only CGHS,Yes
HOSP7P126637,KAILASH DENTAL,NCT OF Delhi,CENTRAL DELHI,9538525197,S16,,Only CGHS,Yes
HOSP7P126638,KAILASH EYE CARE,NCT OF Delhi,CENTRAL DELHI,9810760157,S3,,Only CGHS,Yes
HOSP7P126639,AAKASH HEALTHCARE SUPER SPECIALITY HOSPITAL,NCT OF Delhi,NEW DELHI,9555933944,"M1, M2, S8, M7, S7, M3, M5, S1, S12, S13, S15, S16, S2, S3, S4, S5, S6, S9",Private(For Profit),Only CGHS,Yes
HOSP7P126640,BAJAJ EYE CARE CENTRE-VIKAS SURYA PLAZA,NCT OF Delhi,NORTH WEST DELHI,9266777203,SE,,Only CGHS,Yes
HOSP7P126642,DR KHANNA S PATHCARE PVT LTD,NCT OF Delhi,SOUTH DELHI,9899099820,-NA-,,Only CGHS,Yes
HOSP7P126643,GOEL S MULTISPECIALITY DENTAL CLINIC & IMPLANT CENTRE,NCT OF Delhi,NEW DELHI,9810204505,S16,,Only CGHS,Yes
HOSP7P126646,MUST AND MORE SUPER SPECIALITY DIAGNOSTIC CENTRE,NCT OF Delhi,NEW DELHI,9467926345,-NA-,,Only CGHS,No
HOSP7P126647,NAVNEESH DENTAL CLINIC - MOTI BAGH-1,NCT OF Delhi,NEW DELHI,9810560566,S16,Private(For Profit),Only CGHS,No
HOSP7P126648,PRAGATI EYE CENTRE LLP,NCT OF Delhi,EAST DELHI,9811360111,S3,,Only CGHS,Yes
HOSP7P126650,SEHGAL DENTAL CLINIC,NCT OF Delhi,NEW DELHI,9654654555,"OC, SM",,Only CGHS,Yes
HOSP7P126711,AS HEALTH SQUARE (UNIT OF SUPERB IMAGING),NCT OF Delhi,NEW DELHI,9958954676,-NA-,,Only CGHS,No
HOSP7P126713,ROSEWOOD HOSPITAL (UNIT OF JLKD HEALTHCARE PVT LTD,NCT OF Delhi,NEW DELHI,9911275929,"M1, M7, M2, S1, S12, S2, S3, S4, S5",Private(For Profit),Only CGHS,Yes
HOSP7P126723,SANJEEVAN MEDICAL RESEARCH CENTRE (P) LTD,NCT OF Delhi,NEW DELHI,9810636938,"M1, M2, S8, M7, S7, M3, M5, S1, S10, S11, S12, S15, S16, S2, S4, S5, S6, S9",Private(For Profit),Only CGHS,No
HOSP7P126724,NEW VISION EYE CENTRE - NEW DELHI,NCT OF Delhi,NEW DELHI,9899844710,S3,,Only CGHS,No
HOSP7P126725,JAIPUR GOLDEN HOSPITAL,NCT OF Delhi,NORTH WEST DELHI,9899665251,"M1, M2, S8, M7, S7, M3, M5, S1, S10, S11, S12, S14, S16, S2, S3, S4, S5, S6, S9",Private(For Profit),Only CGHS,Yes
HOSP7P126726,GOYAL EYE INSTITUTE-EAST PATEL NAGAR,NCT OF Delhi,CENTRAL DELHI,9810132464,SE,,Only CGHS,No
HOSP7P126728,Mahajan Imaging Centre,NCT OF Delhi,NEW DELHI,9818860189,"M1, M7",Private(Not For Profit),Only CGHS,No
HOSP7P126733,MEDSTAR HOSPITAL,NCT OF Delhi,WEST DELHI,9213923475,"CP, MG, OC, SB, SG, SP, SU",Private(For Profit),Only CGHS,Yes
HOSP7P126734,FACIO DENTAL SUPER SPECIALITY CLINIC,NCT OF Delhi,NEW DELHI,9871177714,S16,,Only CGHS,Yes
HOSP7P126735,SHYAMA SUPER SPECIALITY EYE HOSPITAL,NCT OF Delhi,EAST DELHI,9818962169,S3,Private(For Profit),Only CGHS,Yes
HOSP7P126736,BHAGWAN MAHAVIR HOSPITAL,NCT OF Delhi,NEW DELHI,9582585676,"BM, CP, MC, MG, MO, MP, OC, SB, SE, SG, SL, SM, SN, SO, SP, SU",Private(For Profit),Only CGHS,No
HOSP7P126806,MUST & MORE HEALTH CARE PVT LTD.,NCT OF Delhi,NEW DELHI,8750078822,-NA-,Private(For Profit),Only CGHS,Yes
HOSP7P126807,NORTH DELHI ADVANCED DIAGNOSTIC AND MRI CENTRE,NCT OF Delhi,NEW DELHI,9990393699,-NA-,,Only CGHS,Yes
HOSP7P126808,RETINA POINT,NCT OF Delhi,NEW DELHI,9711113625,SE,,Only CGHS,No
HOSP7P126810,GARG HOSPITAL,NCT OF Delhi,NEW DELHI,9999208156,"M1, M2, S8, M7, S1, S2, S3, S4, S5, S7",Private(For Profit),Only CGHS,No
HOSP7P126811,HEALTH VIEW DIAGNOSTIC CENTRE,NCT OF Delhi,NEW DELHI,9810459818,-NA-,,Only CGHS,No
HOSP7P126812,i create hospital,NCT OF Delhi,NEW DELHI,9971272608,SE,Private(For Profit),Only CGHS,Yes
HOSP7P126813,JEEWAN HOSPITAL & NURSING HOME PVT. LTD.,NCT OF Delhi,SOUTH EAST DELHI,9015991108,"CP, MC, MG, MN, MO, MP, OC, SB, SE, SG, SL, SM, SN, SP, SU",Private(For Profit),Only CGHS,Yes
HOSP7P126814,PROGNOSIS LABORATORIES,NCT OF Delhi,SOUTH WEST DELHI,8178960117,-NA-,,Only CGHS,No
HOSP7P126816,RG STONE UROLOGY & LAPAROSCOPY HOSPITAL-EAST OF KAILASH,NCT OF Delhi,SOUTH DELHI,8076604887,"S1, S4, S7",Private(For Profit),Only CGHS,No
HOSP7P126818,SAROJ MEDICAL INSTITUTE ,NCT OF Delhi,NORTH WEST DELHI,9717277922,"M1, M2, S8, M7, S7, M3, M5, S1, S10, S11, S12, S14, S16, S2, S3, S4, S5, S6, S9",Private(For Profit),Only CGHS,No
HOSP7P126822,KHANNA EYE CENTRE-MODEL TOWN - I,NCT OF Delhi,NEW DELHI,9810067048,S3,Private(For Profit),Only CGHS,Yes
HOSP7P126823,CITY IMAGING AND CLINICAL LABS LLP,NCT OF Delhi,NEW DELHI,8800999404,-NA-,,Only CGHS,Yes
HOSP7P126825,DR MAKASHIRS DIAGNOSTIC MEDICAL LAB P LTD,NCT OF Delhi,SOUTH EAST DELHI,8383990073,-NA-,,Only CGHS,No
HOSP7P126826,JAIN HOSPITAL,NCT OF Delhi,SHAHDARA,9643401206,"CP, MG, OC, SB, SG, SN, SO, SU",Private(For Profit),Only CGHS,No
HOSP7P126827,JEEWAN MALA HOSPITAL PVT LTD-ROHTAK ROAD,NCT OF Delhi,NEW DELHI,9212150578,"M1, M2, S8, M7, S7, S1, S10, S11, S12, S15, S2, S3, S4, S5, S6, S9",Private(For Profit),Only CGHS,Yes
HOSP7P126828,BATRA HOSPITAL & MEDICAL RESEARCH CENTRE,NCT OF Delhi,NEW DELHI,9818300056,"BM, CP, MC, MG, MN, MO, MP, MR, OC, SB, SE, SG, SL, SM, SN, SO, SP, SS, SU, SV",Private(Not For Profit),Only CGHS,No
HOSP7P126829,"DR. GULATI IMAGING INSTITUTE, UNIT OF S.M. IMAGING",NCT OF Delhi,NEW DELHI,9871002454,-NA-,,Only CGHS,Yes
HOSP7P126830,GANDHI HOSPITAL (UNIT OF PAWAN GANDHI HEALTHCARE PVT.LTD,NCT OF Delhi,SOUTH WEST DELHI,9811283596,"M1, M2, S8, M7, S7, M5, S1, S10, S11, S12, S15, S16, S2, S3, S4, S5, S9",Private(For Profit),Only CGHS,Yes
HOSP7P126831,GOYAL HOSPITAL & UROLOGY CENTRE,NCT OF Delhi,NEW DELHI,8860297848,"M1, M2, S8, M7, S7, S1, S12, S2, S3, S4, S5",Private(For Profit),Only CGHS,No
HOSP7P126832,INDRAPRASTHA DIAGNOSTICS LLP,NCT OF Delhi,SOUTH WEST DELHI,8802000753,S12,,Only CGHS,Yes
HOSP7P126834,KHANDELWAL HOSPITAL & UROLOGY CENTRE,NCT OF Delhi,NEW DELHI,9540938211,"M1, M7, S7, M2, S1, S2, S4, S5",Private(For Profit),Only CGHS,Yes
HOSP7P126835,MALIK RADIX HEALTH CARE PVT LTD,NCT OF Delhi,EAST DELHI,9971733827,"CP, MC, MG, MN, MP, OC, SB, SE, SG, SL, SM, SO, SP, SS, SU",Private(For Profit),Only CGHS,Yes
HOSP7P126839,NATIONAL HEART INSTITUTE-EAST KAILASH,NCT OF Delhi,NEW DELHI,9990004654,"CP, MC, MG, MO, OC, SB, SG, SN, SU, SV",Private(Not For Profit),Only CGHS,No
HOSP7P126840,NOBLE DIAGNOSTIC CENTRE - NEW DELHI,NCT OF Delhi,NEW DELHI,9711695500,-NA-,,Only CGHS,Yes
HOSP7P126841,PURANG EYE CENTRE,NCT OF Delhi,NEW DELHI,9999657855,SE,,Only CGHS,No
HOSP7P126842,SANGHI MEDICAL CENTRE (P) LTD.,NCT OF Delhi,NEW DELHI,9810586858,-NA-,,Only CGHS,Yes
HOSP7P126843,SIGMA DIAGNOSTIC & IMAGING CENTRE,NCT OF Delhi,NEW DELHI,9999990201,-NA-,,Only CGHS,Yes
HOSP7P127052,Kalra Hospital SRCNC Pvt. Ltd,NCT OF Delhi,NEW DELHI,9810120223,"M1, M2, S8, M7, S7, S1, S12, S13, S16, S2, S3, S4, S5, S6, S9",Private(For Profit),Only CGHS,Yes
HOSP7P127053,KUKREJA HOSPITAL & HEART CENTER PVT LTD,NCT OF Delhi,WEST DELHI,9990021218,"M1, M2, S8, M7, S7, M5, S1, S10, S11, S12, S13, S14, S16, S2, S3, S4, S5, S6, S9",Private(For Profit),Only CGHS,No
HOSP7P127054,AYUSHMAN HOSPITAL & HEALTH SERVICES,NCT OF Delhi,NEW DELHI,9971141488,"M1, M2, S8, M7, S7, M3, M5, S1, S12, S14, S16, S2, S3, S4, S5, S6, S9, CP, MC, MG, MO, MP, OC, SB, SE, SG, SL, SM, SN, SO, SP, SU, SV",Private(For Profit),Only CGHS,No
HOSP7P127055,Surya Kiran Hospital Pvt. Ltd.,NCT OF Delhi,NEW DELHI,9650608068,"CP, MG, MN, MO, MP, OC, SB, SE, SG, SL, SN, SO, SP, SU",Private(For Profit),Only CGHS,No
HOSP7P127129,Dr. Kapurs The Healing Touch Eye & Maternity Centre,NCT OF Delhi,NEW DELHI,9871789999,S3,,Only CGHS,No
HOSP7P127130,DR SHROFFS CHARITY EYE HOSPITAL,NCT OF Delhi,CENTRAL DELHI,7838605157,SE,,Only CGHS,No
HOSP7P127131,UNIVERSAL CENTER OF HEALTH SCIENCES,NCT OF Delhi,SOUTH EAST DELHI,8800800500,"BM, CP, MC, MG, MN, MO, MP, MR, OC, SB, SE, SG, SL, SM, SN, SO, SP, SS, SU, SV",Private(For Profit),Only CGHS,No
HOSP7P127132,eye4u,NCT OF Delhi,SOUTH WEST DELHI,9899007714,SE,Private(For Profit),Only CGHS,Yes
HOSP7P127133,Sharp Sight Eye Hospitals,NCT OF Delhi,EAST DELHI,8588893135,SE,Private(For Profit),Only CGHS,Yes
HOSP7P127135,DR GOELS EYE CENTRE,NCT OF Delhi,EAST DELHI,7827070929,SE,Private(Not For Profit),Only CGHS,No
HOSP7P127136,Action Cancer Hospital,NCT OF Delhi,WEST DELHI,9953820293,"M1, M7, M4, M5, M6, S15",Private(For Profit),Only CGHS,Yes
HOSP7P127137,MGS SUPER SPECIALTY HOSPITAL,NCT OF Delhi,NEW DELHI,8368874473,"M1, M7, M2, S1, S12, S2, S3, S4, S5, S8, S9",Private(For Profit),Only CGHS,Yes
HOSP7P127138,Synergy Eye Care,NCT OF Delhi,NEW DELHI,9210013403,S3,Private(For Profit),Only CGHS,Yes
HOSP7P127139,KHANNA EYE CENTRE,NCT OF Delhi,NEW DELHI,9999175014,S3,Private(For Profit),Only CGHS,Yes
HOSP7P127140,NKS HOSPITAL A UNIT OF BRAM HEALTH CARE PVT LTD,NCT OF Delhi,NEW DELHI,8595952704,"M1, M2, S8, M7, S7, M3, S1, S10, S11, S12, S16, S2, S3, S4, S5, S6, S9",Private(For Profit),Only CGHS,No
HOSP7P127349,GANESH DIAGNOSTIC AND IMAGING CENTRE PVT LIMITED ,NCT OF Delhi,NORTH WEST DELHI,9810183948,S12,Private(For Profit),Only CGHS,Yes
HOSP7P127357,SARAL ADVANCED DIAGNOSTIC PVT LTD,NCT OF Delhi,NORTH WEST DELHI,9990310558,"M1, M7",Private(For Profit),Only CGHS,Yes
HOSP7P127537,GANESH DIAGNOSTIC AND IMAGING CENTRE PVT LIMITED,NCT OF Delhi,EAST DELHI,9811067479,S12,,Only CGHS,Yes
HOSP7P127652,CENTRE FOR SIGHT DWARKA A UNIT OF NEW DELHI CENTRE FOR SIGHT LTD.,NCT OF Delhi,SOUTH WEST DELHI,9958422442,S3,Private(For Profit),Only CGHS,Yes
HOSP7P127653,CENTRE FOR SIGHT SAFDARJUNG ENCLAVE A UNIT OF NEW DELHI CENTRE FOR SIGHT LTD.,NCT OF Delhi,SOUTH DELHI,9958422442,S3,Private(For Profit),Only CGHS,Yes
HOSP7P127654,CENTRE FOR SIGHT ASHOK VIHAR A UNIT OF NEW DELHI CENTRE FOR SIGHT LTD.,NCT OF Delhi,NORTH WEST DELHI,9958422442,S3,Private(For Profit),Only CGHS,Yes
HOSP7P127655,CENTRE FOR SIGHT VIKASPURI A UNIT OF NEW DELHI CENTRE FOR SIGHT LTD.,NCT OF Delhi,WEST DELHI,9958422442,S3,Private(For Profit),Only CGHS,Yes
HOSP7P127656,CENTRE FOR SIGHT PREET VIHAR A UNIT OF NEW DELHI CENTRE FOR SIGHT LTD.,NCT OF Delhi,EAST DELHI,9958422442,S3,Private(For Profit),Only CGHS,No
HOSP7P127659,CENTRE FOR SIGHT RAJOURI GARDEN A UNIT OF NEW DELHI CENTRE FOR SIGHT LTD.,NCT OF Delhi,WEST DELHI,9958422442,S3,Private(For Profit),Only CGHS,Yes
HOSP7P127667,CENTRE FOR SIGHT ROHINI A UNIT OF NEW DELHI CENTRE FOR SIGHT LTD.,NCT OF Delhi,NORTH WEST DELHI,9958422442,S3,Private(For Profit),Only CGHS,Yes
HOSP7P127848,Fortis Healthcare Ltd.,NCT OF Delhi,NEW DELHI,9717446414,"M1, M2, S8, M7, S7, M3, M4, M5, M6, S1, S10, S11, S12, S13, S14, S15, S16, S2, S4, S5, S6, S9",Private(For Profit),Only CGHS,No
HOSP7P127867,GANESH DIAGNOSTIC AND IMAGING CENTRE PVT LIMITED,NCT OF Delhi,WEST DELHI,9212125996,S12,,Only CGHS,Yes
HOSP7P127887,GANESH DIAGNOSTIC AND IMAGING CENTRE PVT LIMITED,NCT OF Delhi,NORTH DELHI,9212125996,S12,Private(For Profit),Only CGHS,Yes
HOSP7P127927,SRI BALAJI ACTION MEDICAL INSTITUTE,NCT OF Delhi,NEW DELHI,9868667946,"M1, M2, S8, M7, S7, M3, S1, S10, S11, S12, S13, S14, S16, S2, S3, S4, S5, S6, S9",Private(Not For Profit),Only CGHS,No
HOSP7P127982,Park hospital A unit of Park Medi World Pvt Ltd,NCT OF Delhi,WEST DELHI,9871322933,"M1, M2, S8, M7, S7, M3, M5, M6, S1, S10, S11, S12, S13, S14, S15, S16, S2, S3, S4, S5, S6, S9",Private(For Profit),Only CGHS,Yes
HOSP7P128132,DHARAMSHILA NARAYANA SUPERSPECIALITY HOSPITAL,NCT OF Delhi,EAST DELHI,7827094002,"M1, M2, S8, M7, S7, M4, M5, M6, S1, S10, S11, S12, S13, S15, S16, S2, S4, S5, S6, S9",Private(Not For Profit),Only CGHS,Yes
HOSP7P128166,Good Dental Clinic,NCT OF Delhi,SOUTH DELHI,9911112979,"S16, SM",,Only CGHS,Yes
HOSP7P128221,SHANTI MUKAND HOSPITAL,NCT OF Delhi,EAST DELHI,9315814447,"M1, M2, S8, M7, M5, M6, S1, S12, S13, S15, S16, S2, S3, S4, S5, S9",Private(For Profit),Only CGHS,Yes
HOSP7P128261,MOHAN EYE INSTITUTE,NCT OF Delhi,CENTRAL DELHI,9818435778,S3,Private(For Profit),Only CGHS,Yes
HOSP7P128289,MAHAJAN EYE CENTRE,NCT OF Delhi,NORTH WEST DELHI,9311111120,S3,Private(For Profit),Only CGHS,Yes
HOSP7P128298,Max Super Speciality Hospital   A unit of Max Healthcare Institute Ltd,NCT OF Delhi,NORTH DELHI,9873823879,"M1, M2, S8, M7, S7, M5, M6, S1, S12, S13, S15, S16, S2, S4, S5, S9",Private(For Profit),Only CGHS,Yes
HOSP7P128314,DR.NANDA EYE CARE CENTRE,NCT OF Delhi,SOUTH WEST DELHI,9289478727,"S3, SE",Private(For Profit),Only CGHS,Yes
HOSP7P128332,DENTAL QUEST,NCT OF Delhi,SOUTH WEST DELHI,7035350000,S16,Private(For Profit),Only CGHS,No
HOSP7P128351,SANJEEVANI DENTAL CARE,NCT OF Delhi,NORTH WEST DELHI,9582476007,S16,,Only CGHS,Yes
HOSP7P128358,THE HEALING TOUCH DENTAL CARE,NCT OF Delhi,EAST DELHI,8860529040,S16,,Only CGHS,Yes
HOSP7P128453,Max Super Speciality Hospital  Patparganj   A unit of Balaji Medical and Diagnostic Research Centre,NCT OF Delhi,EAST DELHI,9873823879,"S1, S13, S14, S2, S3, S4, S5, S7",Private(Not For Profit),Only CGHS,Yes
HOSP7P128458,Max Super Speciality Hospital East Block  Saket  A unit of Devki Devi Foundation,NCT OF Delhi,SOUTH DELHI,9873823879,"M5, M6, S12, S13, S15",Private(Not For Profit),Only CGHS,No
HOSP7P128468,Max Multi Speciality Centre  Panchsheel Park  A unit of Max Healthcare Institute Limited,NCT OF Delhi,SOUTH DELHI,9873823879,S3,Private(For Profit),Only CGHS,No
HOSP7P128475,MATA ROOP RANI MAGGO HOSPITAL AND IVF CENTRE PVT LTD ,NCT OF Delhi,SOUTH WEST DELHI,9354887216,"M1, M2, S8, M7, S7, M3, S1, S12, S14, S2, S3, S4, S5, S6, S9",Private(For Profit),Only CGHS,Yes
HOSP7P128498,Dr B L Kapur Memorial Hospital,NCT OF Delhi,CENTRAL DELHI,9873823879,"M1, M2, S8, M7, S7, M3, M5, M6, S1, S12, S13, S15, S2, S3, S4, S5, S9",Private(Not For Profit),Only CGHS,No
HOSP7P128501,MANGALAM MEDICAL AND SURGICAL CENTRE,NCT OF Delhi,NORTH DELHI,9354920665,"BM, CP, MG, MN, MP, OC, SB, SG, SL, SM, SO, SP, SU",Private(For Profit),Only CGHS,No
HOSP7P128503,NARANG EYE INSTITUTE,NCT OF Delhi,NEW DELHI,8700954078,S3,,Only CGHS,Yes
HOSP7P128562,JAIN DENTAL CENTRE,NCT OF Delhi,EAST DELHI,9810924515,SM,,Only CGHS,Yes
HOSP7P128576,Venkateshwar Hospital,NCT OF Delhi,SOUTH WEST DELHI,8826007191,"M1, M2, S8, M7, S7, M3, M4, M5, M6, S1, S12, S13, S14, S15, S2, S3, S4, S5, S9, CP, MC, MG, MN, MO, MP, MR, OC, SB, SE, SG, SL, SN, SO, SP, SS, SU, SV",Private(Not For Profit),Only CGHS,Yes
HOSP7P128577,B.M GUPTA HOSPITAL PVT. LTD.,NCT OF Delhi,WEST DELHI,9811142317,"M1, M7, S7, M2, M3, S1, S10, S11, S14, S16, S2, S3, S4, S5",Private(For Profit),Only CGHS,No
HOSP7P128589,Saroj Super Specility Hospital,NCT OF Delhi,NORTH WEST DELHI,9717277922,"M1, M2, S8, M7, S7, M3, M5, S1, S10, S11, S12, S13, S14, S16, S2, S3, S4, S5, S6, S9",Private(Not For Profit),Only CGHS,No
HOSP7P128608,SHROFF EYE CENTRE,NCT OF Delhi,SOUTH DELHI,8433042718,S3,Private(For Profit),Only CGHS,Yes
HOSP7P128685,Shree Aggarsain International Hospital,NCT OF Delhi,NORTH WEST DELHI,9870195590,"M1, M2, S8, M7, S7, M3, S1, S12, S13, S16, S2, S3, S4, S5, S6, S9",Private(Not For Profit),Only CGHS,Yes
HOSP7P128700,Gupta Multispeciality Dental Clinic,NCT OF Delhi,NORTH WEST DELHI,9818680170,S16,,Only CGHS,Yes
HOSP7P128844,Medeor Hospital Limited ,NCT OF Delhi,SOUTH DELHI,9999081454,"M1, M7, S1, S12, S5, S7",Private(For Profit),Only CGHS,No
HOSP7P128955,East Delhi Medical Centre,NCT OF Delhi,SHAHDARA,9716899661,"M1, M2, S8, M7, S7, M5, S1, S15, S2, S3, S4, S5",Private(For Profit),Only CGHS,Yes
HOSP7P129034,BHAGWATI HOSPITAL A UNIT OF SARVODAYA HEALTH FOUNDATION,NCT OF Delhi,NORTH WEST DELHI,9811207171,"M1, M2, S8, M7, S7, M3, S1, S10, S11, S12, S13, S14, S15, S16, S2, S3, S4, S5, S6, S9",Private(For Profit),Only CGHS,Yes
HOSP7P129038,Max Smart Super Speciality Hospital Saket,NCT OF Delhi,SOUTH DELHI,9873823879,"M1, M2, S8, M7, S7, S1, S12, S3, S5, S9",Private(Not For Profit),Only CGHS,No
HOSP7P129039,BANSAL GLOBAL HOSPITAL (UNIT OF KESHAR DEVI HEALTH,NCT OF Delhi,NORTH WEST DELHI,9811062832,"M1, M7, S1, S3, S4, S5",Private(For Profit),Only CGHS,Yes
HOSP7P129046,MAKKAR MULTISPECIALITY HOSPITAL,NCT OF Delhi,NEW DELHI,9716899661,MG,Private(For Profit),Only CGHS,No
HOSP7P129049,SHARMA DENTAL,NCT OF Delhi,SOUTH WEST DELHI,9312292476,SM,,Only CGHS,Yes
HOSP7P129050,SHYAM LAL EYE HOSPITAL,NCT OF Delhi,NORTH DELHI,9911547325,SE,,Only CGHS,Yes
HOSP7P129060,DR LALCHANDANI LABS LIMITED,NCT OF Delhi,NEW DELHI,9953605505,-NA-,,Only CGHS,Yes
HOSP7P129063,HEALTH PLUS DIAGNOSTIC & IMAGING CENTRE,NCT OF Delhi,SOUTH DELHI,9810586858,-NA-,,Only CGHS,Yes
HOSP7P129065,HEALTHWAY DENTAL AND MEDICAL CLINIC,NCT OF Delhi,NEW DELHI,7065403233,SM,,Only CGHS,No
HOSP7P129066,JDAR PATHOLOGY LABORATORY LLP,NCT OF Delhi,NEW DELHI,9999047141,-NA-,,Only CGHS,Yes
HOSP7P129080,The Healing Touch,NCT OF Delhi,WEST DELHI,9968934272,SE,Private(For Profit),Only CGHS,No
HOSP7P129233,MAHARAJA AGRASEN HOSPITAL,NCT OF Delhi,WEST DELHI,9910172476,"M1, M2, S8, M7, S7, M3, S1, S10, S11, S12, S13, S15, S16, S2, S3, S4, S5, S9",Private(Not For Profit),Only CGHS,No
HOSP7P129344,MEDEOR HOSPITAL LIMITED ,NCT OF Delhi,SOUTH WEST DELHI,9818268017,"M1, M7, S7, M2, M5, S1, S12, S4, S5",Private(For Profit),Only CAPF,No
HOSP7P129405,PANACEA INSTITUTE OF RADIOLOGY AND MEDICAL SERVICES PRIVATE LIMITED,NCT OF Delhi,SOUTH DELHI,9899027414,S12,,Only CGHS,No
HOSP7P129521,SWASTHIK HOSPITAL,NCT OF Delhi,SOUTH WEST DELHI,7827238084,"M1, M7, M2, S1, S4, S5",Private(For Profit),Only CGHS,Yes
HOSP7P129588,MAHARAJA AGRASEN HOSPITAL ,NCT OF Delhi,WEST DELHI,9910172476,"M1, M7, S7, S1, S12, S13, S2, S3, S4, S5",Private(Not For Profit),Only CGHS,No
HOSP7P129668,Chaudhary Eye Centre & Laser Vision,NCT OF Delhi,CENTRAL DELHI,9717896103,"S3, SE",,Only CGHS,Yes
HOSP7P129696,JEEVAN ANMOL HOSPITAL,NCT OF Delhi,EAST DELHI,8076069143,"M1, M2, S8, M7, S7, M3, S1, S12, S14, S16, S2, S3, S4, S5",Private(Not For Profit),Only CGHS,No
HOSP7P129702,Gupta Multispeciality Hospital,NCT OF Delhi,NORTH WEST DELHI,9818003836,MG,Private(For Profit),Only CGHS,Yes
HOSP7P129725,Smile Dental Hub,NCT OF Delhi,SOUTH DELHI,7838507106,S16,,Only CGHS,Yes
HOSP7P129756,Metro Hospital & Cancer Institute Preet Vihar,NCT OF Delhi,EAST DELHI,9990118294,"M1, M2, S8, M7, S7, M5, M6, S1, S10, S11, S12, S13, S15, S2, S5, S9",Private(For Profit),Only CGHS,Yes
HOSP7P129759,RLKC Hospital & Metro Heart Institute Naraina,NCT OF Delhi,SOUTH WEST DELHI,9990118294,"M1, M2, S8, M7, S7, M5, S1, S12, S13, S2, S5, S9",Private(For Profit),Only CGHS,Yes
HOSP7P129761,Metro Hospital & Heart Institute Lajpat Nagar,NCT OF Delhi,SOUTH DELHI,9990118294,"M1, M7, S12, S13",Private(For Profit),Only CGHS,Yes
HOSP7P129786,mata chanan devi hospital,NCT OF Delhi,WEST DELHI,9810501990,"M1, M2, S8, M7, S7, M3, M5, S1, S10, S11, S12, S13, S14, S15, S16, S2, S3, S4, S5, S6, S9",Private(For Profit),Only CGHS,Yes
HOSP7P129793,VISITECH EYE CENTRE A UNIT OF JASOLA HEALTHCARE LLP,NCT OF Delhi,SOUTH EAST DELHI,9910982979,S3,Private(For Profit),Only CGHS,Yes
HOSP7P129802,AHUJA LASER EYE CENTRE,NCT OF Delhi,NORTH WEST DELHI,9811042333,S3,Private(For Profit),Only CGHS,No
HOSP7P129813,VIVEKANAND HOSPITAL,NCT OF Delhi,EAST DELHI,9312242570,"M1, M7",Private(Not For Profit),Only CGHS,Yes
HOSP7P129814,SONIA HOSPITAL,NCT OF Delhi,NORTH WEST DELHI,9973077695,"M1, M2, S8, M7, S7, S1, S12, S2, S4, S5, S9, CP, MC, MG, SB, SE, SG, SL, SN, SO, SU",Private(For Profit),Only CGHS,Yes
HOSP7P129817,HI TECH EYE CENTRE,NCT OF Delhi,NEW DELHI,9891557195,SE,,Only CGHS,No
HOSP7P129818,BANSAL HOSPITAL(A UNIT OF NAMEDI HOSPITALS PVT. LTD),NCT OF Delhi,SOUTH EAST DELHI,9650846789,"M1, M7, M2, M3, S1, S2, S3, S4, S5",Private(For Profit),Only CGHS,Yes
HOSP7P129836,LEELA DENTAL CLINIC,NCT OF Delhi,NORTH WEST DELHI,9811503415,S16,,Only CGHS,Yes
HOSP7P129851,Moolchand Kharaiti Ram Hospital,NCT OF Delhi,SOUTH DELHI,7042190428,"M1, M2, S8, M7, S7, M3, M4, M5, S1, S12, S13, S14, S15, S16, S2, S3, S4, S5, S6, S9",Private(For Profit),Only CGHS,No
HOSP7P129868,LEELA DENTAL CLINIC,NCT OF Delhi,NORTH WEST DELHI,9818794715,S16,,Only CGHS,Yes
HOSP7P129873,sai vinayak dental and orthodontic centre,NCT OF Delhi,NORTH WEST DELHI,9717805373,S16,,Only CGHS,Yes
HOSP7P129874,KONARC HOSPITAL,NCT OF Delhi,WEST DELHI,7836016856,"M1, M7, S7, M2, M3, S1, S2, S3, S4, S5, S6",Private(For Profit),Only CGHS,Yes
HOSP7P129896,National MRI CT Scan & Diagnostic Centre,NCT OF Delhi,NEW DELHI,7827011772,S12,Private(For Profit),Only CGHS,Yes
HOSP7P129899,DALCO Healthcare,NCT OF Delhi,NEW DELHI,9953024116,-NA-,Private(For Profit),Only CGHS,Yes
HOSP7P129902,Dr Mehras Smile Destination,NCT OF Delhi,SOUTH DELHI,9811311171,S16,,Only CGHS,Yes
HOSP7P129912,Kukreja Hospital,NCT OF Delhi,EAST DELHI,9810064867,"M1, M7, M2, S1, S16, S2, S3, S4, S5, S7",Private(For Profit),Only CGHS,No
HOSP7P129952,Dr Ashok Dentistree,NCT OF Delhi,CENTRAL DELHI,9990005856,"S16, SM",,Only CGHS,Yes
HOSP7P129968,Maharishi Ayurveda Hospital,NCT OF Delhi,NORTH WEST DELHI,9811100490,-NA-,Private(Not For Profit),Only CGHS,No
HOSP7P130010,Vision Eye Hospital,NCT OF Delhi,NORTH WEST DELHI,9868404003,"S3, SE",Private(For Profit),Only CGHS,No
HOSP7P130098,DR SAMIRS GANGA DIAGNOSTIC & IAMGING CENTRE PVT LTD,NCT OF Delhi,NORTH DELHI,9999911609,-NA-,,Only CGHS,Yes
HOSP7P130125,SMS HOSPITAL,NCT OF Delhi,EAST DELHI,8076212556,"CP, MG, MP, OC, SB, SG, SN, SO, SU, SS",Private(For Profit),Only CGHS,Yes
HOSP7P130194,Sandhyashi Neuro Panchkarma A Unit of Sandhya Pharma Research Unit,NCT OF Delhi,NORTH WEST DELHI,7428177717,OC,,Only CGHS,Yes
HOSP7P130198,SAI RETINA FOUNDATION,NCT OF Delhi,EAST DELHI,9560039064,SE,,Only CGHS,Yes
HOSP7P130222,TARAK HOSPITAL,NCT OF Delhi,NEW DELHI,8588856371,"BM, CP, MC, MG, MN, MO, MP, OC, SB, SG, SL, SM, SN, SO, SP, SS, SU, SV",Private(For Profit),Only CGHS,Yes
HOSP7P130228,BHARTI EYE FOUNDATION,NCT OF Delhi,WEST DELHI,9212339900,SE,Private(For Profit),Only CGHS,No
HOSP7P130232,DR PATTNAIKS LASER EYE INSTITUTE,NCT OF Delhi,SOUTH DELHI,9873339899,SE,Private(For Profit),Only CGHS,No
HOSP7P130233,VENU EYE INSTITUTE & RESEARCH CENTRE,NCT OF Delhi,NEW DELHI,9560290073,SE,Private(Not For Profit),Only CGHS,No
HOSP7P130338,P. D. GUPTA Mediscan Centre PVt.,NCT OF Delhi,CENTRAL DELHI,9911101773,-NA-,Private(For Profit),Only CGHS,Yes
HOSP7P130342,Apex Citi Hospital,NCT OF Delhi,EAST DELHI,9013402089,"BM, CP, MC, MG, MN, MP, OC, SB, SE, SG, SL, SM, SN, SO, SP, SS, SU, SV",Private(For Profit),Only CGHS,Yes
HOSP7P130463,VASUNDHARA EYE CENTRE,NCT OF Delhi,SOUTH WEST DELHI,9810088831,SE,,Only CGHS,Yes
HOSP7P130508,M D Eye Care And Laser Centre,NCT OF Delhi,SOUTH DELHI,9810077200,SE,Private(For Profit),Only CGHS,No
HOSP7P130546,VINAYAK DENTAL CLINIC,NCT OF Delhi,SOUTH EAST DELHI,8851020907,SM,,Only CGHS,Yes
HOSP7P130596,SBR DIAGNOSTICS PRIVATE LIMITED,NCT OF Delhi,EAST DELHI,8377904211,-NA-,Private(For Profit),Only CGHS,No
HOSP7P130630,DENTAL CARE CLINIC PITAMPURA,NCT OF Delhi,NORTH WEST DELHI,8860564959,"OC, SM",,Only CGHS,Yes
HOSP7P130798,NAVJEEVAN HOSPITAL,NCT OF Delhi,NORTH WEST DELHI,9999384063,"BM, CP, MG, MN, MO, MP, OC, SB, SG, SM, SN, SO, SP, SS, SU",Private(For Profit),Only CGHS,No
HOSP7P131128,National Heart Institute,NCT OF Delhi,SOUTH EAST DELHI,9990598922,"S12, S13, M1, M2, S8, M7, S7, M5, S1, S10, S11, S15, S16, S2, S5",Private(Not For Profit),PMJAY,No
HOSP7P131565,Netram Eye Centre,NCT OF Delhi,NEW DELHI,9212646655,SE,Private(For Profit),Only CGHS,Yes
HOSP7P131567,NARANG EYE INSTITUTE,NCT OF Delhi,NORTH DELHI,9354131898,SE,,Only CGHS,Yes
HOSP7P131818,SUSHILA HOSPITAL,NCT OF Delhi,NORTH WEST DELHI,9811505961,"M1, M7, S7, M2, M3, S1, S10, S11, S5, S8, S9",Private(For Profit),PMJAY,No
HOSP7P134909,Premadhar Research Institute and Hospital,NCT OF Delhi,NORTH WEST DELHI,9911209156,"CP, OC, SG",Private(Not For Profit),Only CGHS,Yes
HOSP7P136334,Salokaya Healthcare Pvt.Ltd.,NCT OF Delhi,NORTH WEST DELHI,9215915908,"M1, S7",Private(For Profit),PMJAY,No
HOSP7P136565,Shashikanta eye and laser centre,NCT OF Delhi,EAST DELHI,7678418707,SE,Private(For Profit),Only CGHS,No
HOSP7P136670,JAIN EYE AND LASER HOSPITAL,NCT OF Delhi,EAST DELHI,9811175676,SE,Private(For Profit),Only CGHS,No
HOSP7P136798,Bharti Eye Hospital,NCT OF Delhi,SOUTH DELHI,9212259171,S3,Private(For Profit),PMJAY,No
HOSP7P137081,MAHARAJA AGARSAIN MULTISPECIALITY HOSPITAL ,NCT OF Delhi,NORTH WEST DELHI,9891654929,"M1, M7, S7, M2, M3, S1, S16, S2, S3, S4, S5, S6",Private(Not For Profit),PMJAY,No
HOSP7P137238,AASTHA HOSPITAL,NCT OF Delhi,WEST DELHI,9250913363,"M1, M2, S8, M7, S7, M3, M5, S1, S10, S11, S12, S14, S15, S16, S2, S3, S4, S5",Private(For Profit),PMJAY,No
HOSP7P138038,NARANG EYE INSTITUTE LASER & RETINA CENTRE,NCT OF Delhi,NORTH DELHI,9958127433,S3,Private(For Profit),PMJAY,No
HOSP7P139081,CNC NURSING HOME,NCT OF Delhi,WEST DELHI,9518281710,"M1, M7, S1, S4, S5, S6",Private(Not For Profit),PMJAY,No
HOSP7P140119,EYE MANTRA,NCT OF Delhi,WEST DELHI,9953013379,S3,Private(For Profit),Only CAPF,No
HOSP7P143861,GANDHI HOSPITAL,NCT OF Delhi,SOUTH WEST DELHI,9007455566,"M1, S7, S12, S3",Private(For Profit),PMJAY,No
HOSP7P144061,Epitome Kidney Urology Institute & Lion Hospital,NCT OF Delhi,NEW DELHI,9311433568,"M1, M7, S7, S1, M2, S8, S10, S11, S12, S2, S3, S4, S5, S9, TG",Private(For Profit),PMJAY,No
HOSP7P146325,SHREE HOSPITAL,NCT OF Delhi,SOUTH WEST DELHI,9953882244,"M1, M7, M2, S1, S4, S5",Private(For Profit),PMJAY,No
HOSP7P146398,Tomar Multispecialty Hospital,NCT OF Delhi,WEST DELHI,9953606565,"M1, M2, S8, M7, S1, S4, S5",Private(For Profit),PMJAY,No
HOSP7P146519,IPSC Pain and Spine Hospital,NCT OF Delhi,NORTH DELHI,9311223911,"M1, M2, S8, M7, S1, S16, S2, S5, S9, S4, S7",Private(For Profit),PMJAY,No
HOSP7P149481,KHANNA MEDICARE CENTRE,NCT OF Delhi,NEW DELHI,9811087156,S3,Private(For Profit),PMJAY,No
HOSP7P150354,Shree Aggrasain International Hospital,NCT OF Delhi,NORTH WEST DELHI,9625941427,"M1, M2, S8, M7, S7, M3, S1, S12, S13, S14, S15, S2, S3, S4, S5, S6, S9, M5, S10, S11",Private(Not For Profit),PMJAY,No
HOSP7P153978,Aprasu Ayurveda Panchkarma Centre,NCT OF Delhi,NORTH WEST DELHI,9899066055,CP,Private(For Profit),Only CGHS,Yes
HOSP7P155781,SGS MULTISPECIALITY HOSPITAL ,NCT OF Delhi,WEST DELHI,9310271252,"M1, M7, M2, M5, S1, S10, S11, S2, S4, S5, S7, S8, S9",Private(For Profit),PMJAY,No
HOSP7P157041,Oncoplus Hospital(A Unit of Deep Chand Oncology Services Pvt. Ltd),NCT OF Delhi,SOUTH EAST DELHI,9773589638,"CP, MG, MO, OC",Private(For Profit),Only CGHS,Yes
HOSP7P158039,EYE SCIENCES,NCT OF Delhi,SOUTH DELHI,7042672026,S3,Private(For Profit),PMJAY,No
HOSP7P158684,Aastha Hospital,NCT OF Delhi,WEST DELHI,9211990708,"CP, MC, MG, MN, MO, MP, OC, SB, SG, SO, SP, SS, SU",Private(For Profit),Only CGHS,Yes
HOSP7P159494,BHAGWATI HOSPITAL,NCT OF Delhi,NORTH DELHI,9811207171,"M1, M2, S8, M7, S7, M3, S1, S12, S13, S14, S2, S3, S4, S5, S6, S9, M5, S10, S11, S15",Private(For Profit),PMJAY,No
HOSP7P160022,Venu Eye Institute & Research Centre ,NCT OF Delhi,SOUTH DELHI,9560002853,S3,Private(Not For Profit),PMJAY,No
HOSP7P162238,ELANTIS BIRTHING CENTRE AND HOSPITAL,NCT OF Delhi,SOUTH DELHI,9838405051,"M1, M7, M2, M3, S1, S10, S11, S14, S2, S4, S5",Private(For Profit),PMJAY,No
HOSP7P162515,SRI BALAJI ACTION MEDICAL INSTITUTE,NCT OF Delhi,WEST DELHI,8506074639,"M1, M2, S8, M7, S7, M3, S1, S10, S11, S12, S13, S14, S2, S3, S4, S5, S6, S9",Private(Not For Profit),PMJAY,No
HOSP7P162944,SGS MULTISPECIALITY HOSPITAL,NCT OF Delhi,WEST DELHI,9310271252,"BM, CP, MC, MG, MN, MO, MP, OC, SB, SG, SL, SM, SN, SO, SP, SS, SU",Private(Not For Profit),Only CGHS,Yes
HOSP7P163872,Kapil Multispeciality Hospital,NCT OF Delhi,NORTH DELHI,9911445775,"CP, MG, MP, OC, SB, SG, SL, SO",Private(For Profit),Only CGHS,Yes
HOSP7P16520,Visitech Eye Centre,NCT OF Delhi,NEW DELHI,9266662118,S3,Private(For Profit),PMJAY,No
HOSP7P166028,B.H SALVAS HOSPITAL,NCT OF Delhi,SOUTH WEST DELHI,9811229482,"CP, MG, MP, OC, SB, SG, SP, SS, SU",Private(Not For Profit),Only CGHS,No
HOSP7P166394,HAKEEM ABDUL HAMEED CENTENARY HOSPITAL,NCT OF Delhi,SOUTH DELHI,7065085505,"MG, MP, OC, SB, SE, SG, SL, SN, SO, SP, SU",Private(Not For Profit),Only CGHS,Yes
HOSP7P168363,mittal dental clinic,NCT OF Delhi,CENTRAL DELHI,9350288907,CP,,Only CGHS,No
HOSP7P168553,EPITOME KIDNEY UROLOGY INSTITUTE AND LIONS HOSPITAL,NCT OF Delhi,SOUTH EAST DELHI,9999664194,"CP, MC, MG, MO, MP, OC, SB, SE, SG, SL, SN, SO, SP, SS, SU, SV",Private(For Profit),Only CGHS,No
HOSP7P168591,SANJEEVANI AYURVEDA,NCT OF Delhi,SOUTH WEST DELHI,8447137511,-NA-,Private(For Profit),Only CGHS,Yes
HOSP7P168605,SHUBH AYURVEDA PANCHKARMA AND WELLNESS DAY CARE CENTER,NCT OF Delhi,SOUTH WEST DELHI,8447836548,CP,Private(For Profit),Only CGHS,Yes
HOSP7P168643,SKK AYURVEDA,NCT OF Delhi,WEST DELHI,9811446462,-NA-,Private(For Profit),Only CGHS,Yes
HOSP7P168788,Tulsi Ayurvedic and Yoga Centre,NCT OF Delhi,NORTH WEST DELHI,9136070810,-NA-,,Only CGHS,No
HOSP7P168932,Agrasen Dental Wellness Center,NCT OF Delhi,NORTH WEST DELHI,9582231230,SM,,Only CGHS,No
HOSP7P169327,Medlife Hospital Run by Burari Multispeciality Hospital Pvt. Ltd.,NCT OF Delhi,NORTH EAST DELHI,7082784820,"MG, MP, SB, SE, SG, SL, SO, SU",Private(For Profit),Only CGHS,No
HOSP7P169385,C.D. Global Hospital,NCT OF Delhi,WEST DELHI,9811410663,"CP, MG, OC, SB, SE, SG, SL, SM, SN, SO, SP, SU",Private(Not For Profit),Only CGHS,No
HOSP7P169584,CRONUS HOSPITAL,NCT OF Delhi,NEW DELHI,9953952568,"M1, M7, M5, S1, S4, S5",Private(Not For Profit),PMJAY,No
HOSP7P169605,Venkateshwar Hospital,NCT OF Delhi,SOUTH WEST DELHI,8826007191,"CP, MC, MG, MO, MR, SB, SG, SL, SN, SP, SS, SU, SV",Private(For Profit),State Specific Empanelment,No
HOSP7P170110,FORTIS HOSPITAL SHALIMAR BAGH,NCT OF Delhi,NEW DELHI,9717446414,"CP, MC, MG, MN, MO, MP, MR, OC, SB, SE, SG, SL, SN, SO, SS, SU, SV",Private(For Profit),State Specific Empanelment,No
HOSP7P170488,FLT LT RAJAN DHALL CHARITABLE TRUST,NCT OF Delhi,NEW DELHI,8802051213,"CP, MC, MG, MO, MR, OC, SB, SG, SM, SN, SO, SP, SU, SV",Private(For Profit),State Specific Empanelment,No
HOSP7P170973,Surya Hospital  Prop Mishra Hospital and Nursing Home Pvt Ltd,NCT OF Delhi,EAST DELHI,9654969289,"CP, MG, MN, MP, OC, SB, SG, SL, SO, SU",Private(For Profit),Only CGHS,No
HOSP7P171042,SANT PARMANAND HOSPITAL YAMUNA BAZAR,NCT OF Delhi,CENTRAL DELHI,7982114191,"CP, MC, MG, MO, OC, SB, SG, SL, SN, SP, SS, SU, SV",Private(Not For Profit),Only CGHS,No
HOSP7P171277,Aastha Ayurveda & Panchkarma Centre,NCT OF Delhi,SHAHDARA,9899251971,OC,Private(For Profit),Only CGHS,Yes
HOSP7P171321,BENSUPS HOSPITAL,NCT OF Delhi,SOUTH WEST DELHI,9310051257,"MP, OC, SB, SG, SO, SP, SU",Private(Not For Profit),Only CGHS,Yes
HOSP7P171540,AASTHA AYURVEDA & PANCHKARMA CENTRE,NCT OF Delhi,SHAHDARA,9555339555,CP,Private(For Profit),Only CGHS,Yes
HOSP7P171702,JEENA SIKHO LIFECARE LIMITED,NCT OF Delhi,NORTH WEST DELHI,9289400338,MG,Private(For Profit),Only CGHS,Yes
HOSP7P171721,Active Ayu Life,NCT OF Delhi,WEST DELHI,9212320357,CP,,Only CGHS,Yes
HOSP7P171787,OREGANO LIFE PRIVATE LIMITED,NCT OF Delhi,EAST DELHI,9971507557,MG,Private(For Profit),Only CGHS,Yes
HOSP7P171854,VRIKSHAKALPA AYURVEDA & PANCHKARMA CENTER. A UNIT OF VRIKSHAKALPA HERBAL LLP,NCT OF Delhi,SOUTH DELHI,8447426748,"CP, OC",Private(For Profit),Only CGHS,Yes
HOSP7P171889,Shri Krishna Super Speciality Institute of Ayurveda,NCT OF Delhi,WEST DELHI,9810584090,OC,,Only CGHS,Yes
HOSP7P171928,Aarogyam Clinic,NCT OF Delhi,NORTH WEST DELHI,9818592027,-NA-,,Only CGHS,Yes
HOSP7P171950,JEENA SIKHO LIFECARE LIMITED,NCT OF Delhi,NEW DELHI,9289378008,MG,Private(For Profit),Only CGHS,Yes
HOSP7P171960,Sri Ayurveda Clinic ,NCT OF Delhi,NEW DELHI,7678445199,OC,,Only CGHS,No
HOSP7P172775,Paramanand Ayurveda Panchkarma Hospital,NCT OF Delhi,SOUTH WEST DELHI,9899630636,"CP, OC",Private(For Profit),Only CGHS,No
HOSP7P172843,Ayurkawach Ayurvedic Clinic Panchkarma Centre,NCT OF Delhi,WEST DELHI,7827011772,OC,Private(For Profit),Only CGHS,Yes
HOSP7P173055,VARDHMAN DIALYSIS CENTRE,NCT OF Delhi,NORTH WEST DELHI,9811057475,"M1, S7",Private(For Profit),PMJAY,No
HOSP7P173097,Human Care Medical Charitable Trust,NCT OF Delhi,SOUTH WEST DELHI,6391939505,"MC, MG, MN, MO, MP, MR, SB, SG, SL, SO, SP, SS, SU, SV",Private(For Profit),Only CGHS,No
HOSP7P174624,Sandhyashi Neuro Panchkarma a unit sandhya pharma and research unit,NCT OF Delhi,NORTH WEST DELHI,9654864072,CP,Private(For Profit),Only CGHS,Yes
HOSP7P174665,SINGHAL HOSAPITAL,NCT OF Delhi,SOUTH WEST DELHI,9968557422,"M1, M2, S8, M7, S1, S10, S11, S12, S15, S16, S2, S3, S4, S5",Private(Not For Profit),PMJAY,No
HOSP7P174974,Amaltas Ayurveda,NCT OF Delhi,SOUTH WEST DELHI,9555708373,-NA-,,Only CGHS,No
HOSP7P175197,Shri Vats Ayurvedic Chikitsalaya,NCT OF Delhi,SOUTH EAST DELHI,7428430175,OC,Private(For Profit),Only CGHS,Yes
HOSP7P175443,JEENA SIKHO LIFECARE LIMITED,NCT OF Delhi,SOUTH DELHI,9958311113,OC,Private(For Profit),Only CGHS,Yes
HOSP7P175586,JEENA SIKHO LIFECARE LIMITED,NCT OF Delhi,NORTH WEST DELHI,9958311113,OC,Private(For Profit),Only CGHS,Yes
HOSP7P175597,JEENA SIKHO LIFECARE LIMITED,NCT OF Delhi,WEST DELHI,9958311113,OC,Private(For Profit),Only CGHS,Yes
HOSP7P176179,Dr. Rekha Health Wisdom,NCT OF Delhi,SOUTH WEST DELHI,7838696230,-NA-,,Only CGHS,Yes
HOSP7P176972,Human Care Medical Charitable Trust,NCT OF Delhi,SOUTH WEST DELHI,6391939505,"CP, MC, MG, MN, MO, MP, MR, OC, SB, SG, SN, SO, SP, SS, SU, SV",Private(For Profit),State Specific Empanelment,No
HOSP7P182701,KAILASH DEEPAK HOSPITAL,NCT OF Delhi,SHAHDARA,9871244013,"BM, CP, MC, MG, MN, MO, MP, MR, OC, SB, SE, SG, SL, SM, SN, SO, SP, SS, SU, SV",Private(Not For Profit),Only CGHS,Yes
HOSP7P183713,AcuVision Eye Center,NCT OF Delhi,SOUTH EAST DELHI,9582237409,SE,Private(For Profit),Only CGHS,No
HOSP7P184142,Arogya hospital ,NCT OF Delhi,NORTH WEST DELHI,9818366680,"M1, M7, M2, S1, S2, S4, S5",Private(For Profit),PMJAY,No
HOSP7P185847,Max Super Specility Hospital  a Unit of Devki Devi Foundation,NCT OF Delhi,SOUTH DELHI,9873823879,"CP, MC, MG, MN, MO, MP, MR, OC, SB, SG, SN, SO, SS, SU, SV",Private(Not For Profit),State Specific Empanelment,No
HOSP7P185851,DHARAMSHILA NARAYANA SUPERSPECIALITY HOSPITAL,NCT OF Delhi,EAST DELHI,9811644360,"BM, CP, MC, MG, MN, MO, MP, MR, OC, SB, SE, SG, SL, SM, SN, SO, SP, SS, SU, SV",Private(For Profit),State Specific Empanelment,No
HOSP7P185973,Max Super Speciality Hospital  A unit of Balaji Medical and Diagnostic Research Centre,NCT OF Delhi,EAST DELHI,9873823879,MC,Private(Not For Profit),State Specific Empanelment,No
HOSP7P185980,Max Super Speciality Hospital Shalimar Bagh  A unit of Max Healthcare Institute Ltd,NCT OF Delhi,NORTH WEST DELHI,9873823879,"CP, MC, MG, MO, MP, MR, OC, SB, SE, SG, SN, SO, SS, SU, SV",Private(For Profit),State Specific Empanelment,No
HOSP7P186369,Dr B L Kapur Memorial Hospital A unit of Lahore Hospital Society,NCT OF Delhi,CENTRAL DELHI,9873823879,OC,Private(Not For Profit),State Specific Empanelment,No
HOSP7P186376,Max Smart Super Speciality Hospital,NCT OF Delhi,SOUTH DELHI,9873823879,MC,Private(Not For Profit),State Specific Empanelment,No
HOSP7P193610,CANCEL CANCER,NCT OF Delhi,NORTH WEST DELHI,7827883027,M5,Private(For Profit),PMJAY,No
HOSP7P193849,DHARAMSHILA NARAYANA SUPERSPECIALITY HOSPITAL,NCT OF Delhi,EAST DELHI,9811644360,"M1, M2, S8, M7, S7, M4, M5, M6, S1, S10, S11, S12, S13, S15, S2, S5, S6, S9",Private(For Profit),PMJAY,No
HOSP7P193851,YUGRISHI GLOBAL HEALTHCARE PRODUCTS,NCT OF Delhi,SOUTH WEST DELHI,8595599326,CP,Private(For Profit),Only CGHS,No
HOSP7P193908,parth panchkarma and infertility centre,NCT OF Delhi,SOUTH WEST DELHI,8076421857,OC,,Only CGHS,Yes
HOSP7P194193,Sandhya Healthcare Ayurvedic Hospital  A Unit of Sandhya Health Care,NCT OF Delhi,NORTH WEST DELHI,8368009669,"CP, MG",Private(For Profit),Only CGHS,Yes
HOSP7P194887,KRM AYURVEDA PVT LTD,NCT OF Delhi,NORTH WEST DELHI,8076305253,"CP, OC",Private(For Profit),Only CGHS,Yes
HOSP7P195698,SUSHILA HOSPITAL,NCT OF Delhi,NORTH WEST DELHI,9873691154,"BM, CP, MG, MN, MP, OC, SB, SG, SN, SO, SP, SS, SU",Private(For Profit),Only CGHS,No
HOSP7P195832,Dr Rohit s Dental Care,NCT OF Delhi,NORTH WEST DELHI,9910025593,SM,,Only CGHS,No
HOSP7P199310,PUSHPAWATI SINGHANIA HOSPITAL AND RESEARCH INSTITUTE,NCT OF Delhi,SOUTH DELHI,9871999424,"CP, MC, MG, MO, OC, SB, SG, SL, SN, SP, SU, SV",Private(Not For Profit),State Specific Empanelment,No
HOSP7P200457,JEENA SIKHO LIFECARE LIMITED,NCT OF Delhi,EAST DELHI,9971507557,OC,Private(For Profit),Only CGHS,No
HOSP7P200489,JEENA SIKHO LIFECARE LIMITED,NCT OF Delhi,SOUTH WEST DELHI,9971507557,OC,Private(For Profit),Only CGHS,No
HOSP7P200504,Mann Ayurvedic and Yoga Centre ,NCT OF Delhi,EAST DELHI,9639537295,-NA-,,Only CGHS,No
HOSP7P200535,AYURVEDIC VAIDYA SHALA PVT LTD,NCT OF Delhi,WEST DELHI,7982587329,-NA-,,Only CGHS,Yes
HOSP7P200936,NISARG AYURVEDA,NCT OF Delhi,SOUTH WEST DELHI,8851200811,CP,,Only CGHS,No
HOSP7P201126,maple care hospital,NCT OF Delhi,SOUTH WEST DELHI,9818798718,"M1, M2, S8, M7, S7, M3, M5, S1, S10, S11, S12, S14, S15, S16, S2, S3, S4, S5, S6, S9",Private(For Profit),PMJAY,No
HOSP7P201189,SEHGAL NURSING HOME,NCT OF Delhi,NORTH DELHI,9911917070,"M1, M7, M2, S1, S2, S4, S5",Private(Not For Profit),PMJAY,No
HOSP7P201305,DALCO Healthcare & Wellness Center,NCT OF Delhi,EAST DELHI,8585982468,-NA-,Private(For Profit),Only CGHS,No
HOSP7P201350,DALCO Healthcare & Wellness Center,NCT OF Delhi,SOUTH DELHI,9953024116,-NA-,Private(For Profit),Only CGHS,No
HOSP7P201445,SUMANVEDA ADVANCED AYURVEDA CLINIC,NCT OF Delhi,NORTH DELHI,8510004947,CP,Private(For Profit),Only CGHS,No
HOSP7P201568,DALCO Healthcare & Wellness Center,NCT OF Delhi,NORTH DELHI,9821086977,-NA-,Private(For Profit),Only CGHS,No
HOSP7P201569,sri sri ayurveda panchkarma ,NCT OF Delhi,CENTRAL DELHI,8860329790,CP,Private(For Profit),Only CGHS,No
HOSP7P201759,SANDHYASHI NEURO PANCHKARMA  A UNIT OF SANDHYA PHARMA AND RESEARCH UNIT,NCT OF Delhi,NORTH WEST DELHI,8130376494,CP,Private(For Profit),Only CGHS,Yes
HOSP7P201939,JEENA SIKHO LIFECARE LIMITED,NCT OF Delhi,NORTH WEST DELHI,9971507557,OC,Private(For Profit),Only CGHS,No
HOSP7P202056,Santhigram Kerala Ayurveda,NCT OF Delhi,SOUTH DELHI,9911349335,-NA-,Private(For Profit),Only CGHS,No
HOSP7P202290,DR DAS PATH LAB MANAGED BY SUSHRUTA FOCUS PVT LTD,NCT OF Delhi,SOUTH DELHI,9560040139,-NA-,Private(For Profit),Only CGHS,Yes
HOSP7P202573,Ayurdhara Ayurvedic ,NCT OF Delhi,EAST DELHI,9582888040,-NA-,,Only CGHS,No
HOSP7P204329,Maharaja Agrasen Hospital,NCT OF Delhi,WEST DELHI,9910172476,"BM, CP, MC, MG, MN, MO, MP, MR, OC, SB, SE, SG, SL, SM, SN, SO, SP, SS, SU, SV",Private(Not For Profit),State Specific Empanelment,No
HOSP7P204452,MGS SUPER SPECIALITY HOSPITAL,NCT OF Delhi,WEST DELHI,9873434700,"CP, MC, MG, MO, OC, SB, SE, SG, SL, SM, SN, SO, SP, SS, SU, SV",Private(Not For Profit),State Specific Empanelment,No
HOSP7P204622,Centre for Sight Safdarjung Enclave A Unit of New Delhi Centre for Sight Ltd,NCT OF Delhi,SOUTH DELHI,9958422442,SE,Private(For Profit),State Specific Empanelment,No
HOSP7P204711,Centre for Sight Dwarka A Unit of New Delhi Centre for Sight Ltd ,NCT OF Delhi,SOUTH WEST DELHI,9958422442,SE,Private(For Profit),State Specific Empanelment,No
HOSP7P204796,Bhagwati Ayurveda and Panchakarma Research Centre,NCT OF Delhi,SOUTH DELHI,8905365005,CP,Private(For Profit),Only CGHS,Yes
HOSP7P204848,Sukhayu Ayurved,NCT OF Delhi,NEW DELHI,9214302965,OC,Private(For Profit),Only CGHS,No
HOSP7P204881,Maharaja Agrasen Hospital Dwarka,NCT OF Delhi,SOUTH WEST DELHI,9910172476,"BM, CP, MC, MG, MN, MO, MP, MR, OC, SB, SE, SG, SL, SM, SN, SO, SP, SS, SU, SV",Private(Not For Profit),State Specific Empanelment,No
HOSP7P205002,JIVODAYA HOSPITAL,NCT OF Delhi,NORTH WEST DELHI,7011023230,"CP, MG, OC, SB, SG, SL, SM, SO, SU",Private(Not For Profit),Only CGHS,No
HOSP7P205158,JEENA SIKHO LIFECARE LIMITED,NCT OF Delhi,NORTH WEST DELHI,9971507557,OC,Private(For Profit),Only CGHS,No
HOSP7P205608,URJA  AYURVED AYURVEDIC NATUROPATHY AND YOGA CLINIC,NCT OF Delhi,EAST DELHI,7827145803,OC,Private(For Profit),Only CGHS,No
HOSP7P206033,Eye7 Hospitals Pvt Ltd,NCT OF Delhi,SOUTH DELHI,9560466110,SE,Private(For Profit),State Specific Empanelment,No
HOSP7P206058,SAVE SIGHT CENTRE,NCT OF Delhi,NORTH WEST DELHI,9210914391,SE,Private(For Profit),State Specific Empanelment,No
HOSP7P206090,Chaudhary Eye Centre & Laser Vision,NCT OF Delhi,CENTRAL DELHI,9717896103,SE,Private(For Profit),State Specific Empanelment,No
HOSP7P206154,JEENA SIKHO LIFECARE LIMITED,NCT OF Delhi,WEST DELHI,9971507557,OC,Private(For Profit),Only CGHS,No
HOSP7P206155,JEENA SIKHO LIFECARE LIMITED,NCT OF Delhi,WEST DELHI,9971507557,OC,Private(For Profit),Only CGHS,No
HOSP7P206156,JEENA SIKHO LIFECARE LIMITED,NCT OF Delhi,WEST DELHI,9971507557,OC,Private(For Profit),Only CGHS,No
HOSP7P206157,JEENA SIKHO LIFECARE LIMITED,NCT OF Delhi,WEST DELHI,9971507557,OC,Private(For Profit),Only CGHS,No
HOSP7P206158,JEENA SIKHO LIFECARE LIMITED,NCT OF Delhi,WEST DELHI,9971507557,OC,Private(For Profit),Only CGHS,No
HOSP7P206159,OREGANO LIFE PRIVATE LIMITED,NCT OF Delhi,EAST DELHI,9971507557,OC,Private(For Profit),Only CGHS,Yes
HOSP7P206511,JEENA SIKHO LIFECARE LIMITED,NCT OF Delhi,SOUTH WEST DELHI,9971507557,OC,Private(Not For Profit),Only CGHS,No
HOSP7P206571,JEENA SIKHO LIFECARE LIMITED,NCT OF Delhi,WEST DELHI,9971507557,OC,Private(Not For Profit),Only CGHS,No
HOSP7P206756,NIRMAL HOSPITAL ,NCT OF Delhi,NORTH WEST DELHI,9999714120,"CP, MG, OC, SB, SG, SO, SU",Private(For Profit),Only CGHS,No
HOSP7P206757,RAM LAL KUNDAN LAL ORTHOPAEDIC HOSPITAL & R.K. MATERNITY HOME,NCT OF Delhi,EAST DELHI,9811141990,"BM, CP, MC, MG, MN, MO, MP, MR, OC, SB, SE, SG, SL, SM, SN, SO, SP, SS, SU, SV",Private(For Profit),Only CGHS,No
HOSP7P206894,Shri Dhanwantry Ayurvedic College & Hospital,NCT OF Delhi,NEW DELHI,9781556695,CP,Private(Not For Profit),Only CGHS,Yes
HOSP7P207163,VRINDAVAN AYURVEDA CHIKITSALAYAM,NCT OF Delhi,SOUTH WEST DELHI,7901778899,CP,Private(For Profit),Only CGHS,Yes
HOSP7P207210,Max Super Speciality Hospital Dwarka A unit of Muthoot Hospital Pvt Ltd,NCT OF Delhi,NORTH WEST DELHI,9873823879,"CP, MC, MG, MN, MO, MP, MR, OC, SB, SE, SG, SL, SN, SO, SS, SU, SV",Private(For Profit),Only CGHS,Yes
HOSP7P207506,SHRI RAM HOSPITAL ,NCT OF Delhi,WEST DELHI,7840029192,"M1, M2, S8, M7, S7, S1, S10, S11, S12, S2, S3, S4, S5, S9",Private(For Profit),PMJAY,No
HOSP7P207616,PUSHPANJALI HOSPITAL,NCT OF Delhi,WEST DELHI,9873201623,"CP, MC, MG, MP, OC, SB, SG, SL, SM, SO, SS, SU",Private(For Profit),Only CGHS,Yes
HOSP7P208326,ELANTIS HEALTHCARE,NCT OF Delhi,SOUTH EAST DELHI,9711681986,"CP, MG, MN, MP, OC, SB, SG, SO, SP, SS, SU",Private(For Profit),Only CGHS,No
HOSP7P208821,Tulsi Multispeciality Hospital,NCT OF Delhi,EAST DELHI,9599214926,"BM, CP, MG, MN, MP, OC, SB, SE, SG, SN, SO, SS, SU",Private(For Profit),Only CGHS,Yes
HOSP7P209015,RE ON AYURVEDA,NCT OF Delhi,WEST DELHI,9953059504,CP,,Only CGHS,No
HOSP7P209084,Medis Hospital,NCT OF Delhi,SHAHDARA,9999621232,"CP, MG, OC, SB, SG, SL, SO, SP",Private(Not For Profit),Only CGHS,No
HOSP7P209142,SHRI RAM HOSPITAL ,NCT OF Delhi,WEST DELHI,7840029192,"CP, MC, MG, MP, OC, SB, SE, SG, SL, SM, SN, SO, SP, SU",Private(For Profit),Only CGHS,Yes
HOSP7P209458,VIVA VISION,NCT OF Delhi,SOUTH DELHI,9711559558,S3,Private(Not For Profit),PMJAY,No
HOSP7P209528,nexus Superspeciality Dental and Implant centre,NCT OF Delhi,NORTH EAST DELHI,9953315595,SM,,Only CGHS,No
HOSP7P209578,DR. GOYALS DENTAL & ORTHOPAEDIC CENTRE,NCT OF Delhi,WEST DELHI,9013017180,SM,,Only CGHS,No
HOSP7P209678,J. K. Dental Clinic ,NCT OF Delhi,WEST DELHI,9891069889,SM,Private(For Profit),Only CGHS,No
HOSP7P209698,Kamakhya Dental And Implant Centre,NCT OF Delhi,SOUTH DELHI,9990647693,SM,Private(For Profit),Only CGHS,No
HOSP7P209715,THE DREAM SMILE DENTAL CLINIC,NCT OF Delhi,SOUTH DELHI,8448271856,"CP, OC, SM",Private(For Profit),Only CGHS,No
HOSP7P209720,SMRITI RAJ DENTISTRY PVT LTD,NCT OF Delhi,SOUTH WEST DELHI,8527275521,SM,,Only CGHS,No
HOSP7P209744,MG HOSPITAL,NCT OF Delhi,SOUTH DELHI,9999847796,SE,Private(For Profit),Only CGHS,Yes
HOSP7P209796,Teerthanker Aadinath Bright Dental Care,NCT OF Delhi,SOUTH DELHI,7351114255,SM,,Only CGHS,No
HOSP7P209810,DEV IMAGING & PATH LAB,NCT OF Delhi,NORTH WEST DELHI,8700200796,-NA-,Private(For Profit),Only CGHS,No
HOSP7P209816,DENTAL SMILES,NCT OF Delhi,WEST DELHI,9911612089,SM,,Only CGHS,No
HOSP7P209851,Delhi MRI Scan A UNIT OF SAHYOG IMAGING COMPANY,NCT OF Delhi,SOUTH DELHI,9873494949,-NA-,Private(Not For Profit),Only CGHS,No
HOSP7P209859,IM DENTIST,NCT OF Delhi,NORTH WEST DELHI,9990143477,SM,Private(For Profit),Only CGHS,No
HOSP7P209875,Pulp Dental Clinic,NCT OF Delhi,SOUTH DELHI,7428814666,SM,Private(For Profit),Only CGHS,Yes
HOSP7P209876,White Oak Dental,NCT OF Delhi,CENTRAL DELHI,6206313814,SM,Private(For Profit),Only CGHS,No
HOSP7P209879,Eye Mantra Hospital Private Limited,NCT OF Delhi,WEST DELHI,8882907911,SE,Private(For Profit),Only CGHS,No
HOSP7P209886,Apollo Clinic A Unit of RKM Enterprises,NCT OF Delhi,NORTH WEST DELHI,8287663284,SM,,Only CGHS,No
HOSP7P209903,DENTINOVA DENTAL CARE CENTRE,NCT OF Delhi,NEW DELHI,9899593596,SM,,Only CGHS,No
HOSP7P209908,COSMOS IMAGING CENTRE,NCT OF Delhi,CENTRAL DELHI,7006460050,SM,,Only CGHS,Yes
HOSP7P209924,rohini dental clinic and orthodontic center,NCT OF Delhi,NORTH WEST DELHI,8755598636,OC,,Only CGHS,No
HOSP7P209945,Dentalcare Plus Implant and Orthodontic Centre,NCT OF Delhi,EAST DELHI,8586865936,SM,Private(For Profit),Only CGHS,No
HOSP7P210015,SYNERGY EYE CARE,NCT OF Delhi,SOUTH DELHI,9266662118,SE,Private(For Profit),Only CGHS,No
HOSP7P210037,Smile Castle Dental Clinic,NCT OF Delhi,SOUTH EAST DELHI,8757676538,SM,,Only CGHS,No
HOSP7P210078,Tulsi Dental and Implant Centre,NCT OF Delhi,NORTH WEST DELHI,9136175478,SM,Private(Not For Profit),Only CGHS,No
HOSP7P210174,SARVODAYA IMAGING CENTRE,NCT OF Delhi,SOUTH DELHI,8376908350,-NA-,Private(For Profit),Only CGHS,Yes
HOSP7P210780,SAKSHAM IMAGING AND DIAGNOTICS PVT LTD,NCT OF Delhi,SOUTH DELHI,9810751726,-NA-,Private(Not For Profit),Only CGHS,No
HOSP7P210784,365 DENTISTRY,NCT OF Delhi,SOUTH EAST DELHI,9910740795,SM,Private(For Profit),Only CGHS,No
HOSP7P210803,BALAJI DENTAL AND IMPLANT CENTRE ,NCT OF Delhi,SOUTH WEST DELHI,8178813235,SM,,Only CGHS,No
HOSP7P210807,SRIVASTAVA MRI AND IMAGING CENTRE,NCT OF Delhi,SOUTH EAST DELHI,9818903574,-NA-,Private(For Profit),Only CGHS,No
HOSP7P210818,NARAYANA NETHRADHAMA,NCT OF Delhi,SOUTH WEST DELHI,9891914900,SE,Private(For Profit),Only CGHS,No
HOSP7P210819,Dant Vedaa      A Unit of Rahar Health Care,NCT OF Delhi,SOUTH WEST DELHI,9971323090,SM,Private(For Profit),Only CGHS,Yes
HOSP7P210828,Dr. Mallick Dental Centre LLP ,NCT OF Delhi,NORTH DELHI,9910232981,SM,,Only CGHS,No
HOSP7P211009,JIYANA PANCHKARMA HOSPITAL,NCT OF Delhi,WEST DELHI,9350517007,-NA-,Private(For Profit),Only CGHS,Yes
HOSP7P211035,Punhani Tooth Care,NCT OF Delhi,SOUTH WEST DELHI,9810975705,"OC, SM",,Only CGHS,No
HOSP7P211037,balaji dental care,NCT OF Delhi,NORTH DELHI,9953170756,SM,Private(For Profit),Only CGHS,No
HOSP7P211038,Sarvodaya NRCH Imaging Centre,NCT OF Delhi,CENTRAL DELHI,8376908350,-NA-,Private(For Profit),Only CGHS,Yes
HOSP7P211045,pitampura dental clinic,NCT OF Delhi,NORTH DELHI,9891603609,SM,,Only CGHS,No
HOSP7P211049,M G EYE CENRE,NCT OF Delhi,NORTH EAST DELHI,9891171320,SE,Private(Not For Profit),Only CGHS,No
HOSP7P211051,AAROGYA HOSPITAL,NCT OF Delhi,EAST DELHI,9911886050,"BM, MC, MG, MO, MP, MR, OC, SB, SE, SG, SL, SN, SO, SP, SS, SU, SV",Private(For Profit),Only CGHS,Yes
HOSP7P211090,DHAMIJAS DENTAL CLINIC,NCT OF Delhi,WEST DELHI,9999774217,OC,Private(For Profit),Only CGHS,No
HOSP7P211137,SAYAL DIAGNOSTICS ,NCT OF Delhi,SOUTH WEST DELHI,9826407878,-NA-,Private(For Profit),Only CGHS,No
HOSP7P211139,LUMINOUS DENTAL CARE & IMPLANT CENTRE,NCT OF Delhi,NORTH WEST DELHI,9310323260,OC,,Only CGHS,No
HOSP7P211156,Dr. Gunjans Dental Clinic,NCT OF Delhi,EAST DELHI,9999634377,SM,,Only CGHS,No
HOSP7P211163,DENTAL PLEXUS,NCT OF Delhi,NORTH DELHI,9582986356,SM,Private(For Profit),Only CGHS,No
HOSP7P211168,Tarasha Dental Clinic,NCT OF Delhi,SOUTH DELHI,8527045924,SM,,Only CGHS,No
HOSP7P211173,St. Stephens Hospital,NCT OF Delhi,CENTRAL DELHI,7292000015,"CP, MC, MG, MN, MP, OC, SB, SE, SG, SL, SM, SN, SO, SP, SS, SU, SV",Private(Not For Profit),Only CGHS,No
HOSP7P211181,The Dental Healers,NCT OF Delhi,SOUTH DELHI,7011306627,SM,,Only CGHS,No
HOSP7P211182,Prakash Dental Care and Implant Centre  ,NCT OF Delhi,SOUTH DELHI,9971469151,SM,,Only CGHS,No
HOSP7P211191,dr archi advanced dental care,NCT OF Delhi,NORTH WEST DELHI,9873175757,SM,,Only CGHS,No
HOSP7P211207,ADVIK DIAGNOSTICS A UNIT OF ADVIK HEALTHCARE,NCT OF Delhi,NORTH WEST DELHI,9466630000,-NA-,Private(For Profit),Only CGHS,No
HOSP7P211211,USHA MEMORIAL DENTAL CLINIC AND IMPLANT CENTRE,NCT OF Delhi,EAST DELHI,9560911175,SM,Private(For Profit),Only CGHS,No
HOSP7P211212,DR POPLIS DENTAL & MEDICAL CARE CENTRE,NCT OF Delhi,EAST DELHI,9871492999,OC,Private(For Profit),Only CGHS,No
HOSP7P211214,TRILOK DENTAL CARE,NCT OF Delhi,EAST DELHI,8588825022,SM,Private(For Profit),Only CGHS,No
HOSP7P211215,khatri dental clinic,NCT OF Delhi,WEST DELHI,7906764893,SM,Private(For Profit),Only CGHS,No
HOSP7P211216,SANJEEVANI DENTAL CLINIC,NCT OF Delhi,SOUTH WEST DELHI,8630636210,SM,Private(For Profit),Only CGHS,No
HOSP7P211219,DC PATHLAB AND IMAGING CENTRE PVT LTD,NCT OF Delhi,WEST DELHI,9810277626,-NA-,Private(For Profit),Only CGHS,No
HOSP7P211229,Dr. Tushir Multispecialty Clinic,NCT OF Delhi,WEST DELHI,9811728864,SM,,Only CGHS,No
HOSP7P211235,Santom Hospital,NCT OF Delhi,NORTH WEST DELHI,9891487673,"BM, CP, MC, MG, MN, MO, MP, OC, SB, SE, SG, SL, SM, SN, SO, SP, SU",Private(For Profit),Only CGHS,No
HOSP7P211255,Ishan Eye Centre,NCT OF Delhi,NORTH WEST DELHI,9810634923,SE,Private(For Profit),Only CGHS,No
HOSP7P211256,Fortino Dental  A unit of Fortino healthcare Pvt ltdvt Ltd,NCT OF Delhi,SOUTH DELHI,7900990039,OC,,Only CGHS,No
HOSP7P211262,Pooja multispeciality dental clinic ,NCT OF Delhi,WEST DELHI,9711715366,SM,,Only CGHS,No
HOSP7P211277,DENTAL HEALTH CLINIC,NCT OF Delhi,SOUTH WEST DELHI,9899604810,SM,,Only CGHS,No
HOSP7P211305,NULIFE HOSPITAL A UNIT OF BHARAT HEALTH AND WELLNESS PRIVATE LIMITED,NCT OF Delhi,SOUTH EAST DELHI,9811818199,"BM, CP, MC, MG, MO, MP, MR, OC, SB, SE, SG, SL, SM, SN, SO, SP, SU, SV",Private(For Profit),Only CGHS,No
HOSP7P211348,urban dental,NCT OF Delhi,SHAHDARA,8810454182,SM,Private(For Profit),Only CGHS,No
HOSP7P211370,dr dentiste dental clinic ,NCT OF Delhi,NORTH WEST DELHI,7838533502,SM,,Only CGHS,No
HOSP7P211385,DENTAL PLUS,NCT OF Delhi,NORTH DELHI,9560318235,SM,,Only CGHS,No
HOSP7P211404,DENTAL MAESTRO 1,NCT OF Delhi,EAST DELHI,9013024152,CP,Private(For Profit),Only CGHS,No
HOSP7P211405,SHRI RAM EYE CENTER,NCT OF Delhi,SOUTH WEST DELHI,8130683682,CP,Private(For Profit),Only CGHS,No
HOSP7P211407,SEEMA EYE CENTER,NCT OF Delhi,SHAHDARA,9891050411,OC,Private(For Profit),Only CGHS,No
HOSP7P211408,INDER VISION CARE CENTRE,NCT OF Delhi,WEST DELHI,9289691450,OC,Private(For Profit),Only CGHS,No
HOSP7P211409,Dental Solution,NCT OF Delhi,NORTH WEST DELHI,9818057152,SM,Private(For Profit),Only CGHS,No
HOSP7P211461,City Imaging and Clinical Labs LLP,NCT OF Delhi,SOUTH WEST DELHI,8800999404,-NA-,Private(For Profit),Only CGHS,No
HOSP7P211465,NU DENTAL MAESTRO,NCT OF Delhi,SOUTH DELHI,8750641144,SM,Private(For Profit),Only CGHS,No
HOSP7P211466,City dental and orthodontic clinic ,NCT OF Delhi,SOUTH WEST DELHI,9312878960,SM,Private(For Profit),Only CGHS,No
HOSP7P211467,DR GUPTA MULTISPECIALITY DENTAL CLINIC,NCT OF Delhi,WEST DELHI,9971004370,SM,Private(For Profit),Only CGHS,Yes
HOSP7P211492,Health Care Professionals,NCT OF Delhi,NEW DELHI,9015703475,SM,,Only CGHS,No
HOSP7P211495,AARNA EYE CARE CENTRE,NCT OF Delhi,WEST DELHI,8178016135,SE,Private(For Profit),Only CGHS,No
HOSP7P211497,DR KUKREJA S SUPER SPECIALITY DENTAL AND IMPLANT CENTRE,NCT OF Delhi,WEST DELHI,9911332060,SM,,Only CGHS,No
HOSP7P211498,SANJEEVANI DENTAL CLINIC,NCT OF Delhi,NEW DELHI,8860515339,SM,,Only CGHS,Yes
HOSP7P211500,CARE WELL DENTAL CLINIC,NCT OF Delhi,SOUTH WEST DELHI,9810677968,SM,Private(For Profit),Only CGHS,No
HOSP7P211501,Rao Dental Hospital and Orthodontic Centre,NCT OF Delhi,WEST DELHI,9968318010,"OC, SM",,Only CGHS,No
HOSP7P211511,NAVNEESH DENTAL CLINIC,NCT OF Delhi,SOUTH WEST DELHI,9810560566,SM,,Only CGHS,No
HOSP7P211513,SMILE BRIGHT MULTISPECIALITY DENTAL CLINIC,NCT OF Delhi,EAST DELHI,9958908862,"CP, OC",,Only CGHS,No
HOSP7P211515,SANJEEVANI DWARKA PATH LABS,NCT OF Delhi,NEW DELHI,9990240267,-NA-,Private(For Profit),Only CGHS,No
HOSP7P211524,VUE EYE CARE CENTRE,NCT OF Delhi,NORTH WEST DELHI,9910732384,SE,Private(For Profit),Only CGHS,No
HOSP7P211531,SHIVAM BEST DENTAL & MAXILLOFACIAL CENTRE,NCT OF Delhi,NORTH EAST DELHI,8527080186,SM,,Only CGHS,No
HOSP7P211537,nayan the modern eye care centre ,NCT OF Delhi,NORTH WEST DELHI,8383938379,SE,Private(For Profit),Only CGHS,No
HOSP7P211551,METIS HEALTHCARE,NCT OF Delhi,NORTH WEST DELHI,8130858869,-NA-,Private(For Profit),Only CGHS,No
HOSP7P211560,DR AJAY S DENTAL & NUTRITION CLINIC,NCT OF Delhi,NORTH WEST DELHI,9810458768,SM,,Only CGHS,No
HOSP7P211568,Sarvodaya Medicentre,NCT OF Delhi,NEW DELHI,8588884462,OC,Private(For Profit),Only CGHS,No
HOSP7P211580,SWASTIK DENTAL CLINIC,NCT OF Delhi,SOUTH WEST DELHI,8587039389,SM,Private(For Profit),Only CGHS,No
HOSP7P211585,TRUHEAL CLINIC,NCT OF Delhi,SOUTH WEST DELHI,9805474466,SM,,Only CGHS,No
HOSP7P211590,implant and surgery centre,NCT OF Delhi,WEST DELHI,9810341009,SM,,Only CGHS,Yes
HOSP7P211596,SMILE CARE DENTAL CLINIC,NCT OF Delhi,NEW DELHI,9818868416,SM,,Only CGHS,No
HOSP7P211603,USD MULTISPECIALTY DENTAL CLINIC,NCT OF Delhi,WEST DELHI,7836002828,SM,Private(For Profit),Only CGHS,No
HOSP7P211612,FOCUS DENTAL MULTI SPECIALITY DENTAL CENTRE,NCT OF Delhi,SOUTH WEST DELHI,9810588121,"CP, OC, SM",Private(For Profit),Only CGHS,No
HOSP7P211613,Crown & Roots,NCT OF Delhi,SOUTH EAST DELHI,8860842001,"OC, SM",,Only CGHS,No
HOSP7P211631,OMLESH S DENTCITY,NCT OF Delhi,NORTH WEST DELHI,9717517945,SM,,Only CGHS,No
HOSP7P211632,NORTH DELHI DIAGNOSTIC & DENTAL CARE CENTRE,NCT OF Delhi,NORTH WEST DELHI,9313773808,OC,,Only CGHS,No
HOSP7P211644,BRACES & CROWNS,NCT OF Delhi,WEST DELHI,7011789132,"OC, SM",Private(For Profit),Only CGHS,No
HOSP7P211647,SKY DIAGNOSTIC PVT LTD,NCT OF Delhi,SOUTH WEST DELHI,8287187685,CP,Private(For Profit),Only CGHS,No
HOSP7P211679,STAR IMAGING AND PATH LAB LTD,NCT OF Delhi,WEST DELHI,9990019177,-NA-,Private(For Profit),Only CGHS,No
HOSP7P211690,DR JAINS ADVANCED DENTAL CARE,NCT OF Delhi,NORTH WEST DELHI,9899768811,SM,,Only CGHS,No
HOSP7P211696,VISITECH EYE CENTRE A UNIT OF JASOLA HEALTHCARE LLP,NCT OF Delhi,SOUTH DELHI,9810198857,SE,Private(For Profit),Only CGHS,No
HOSP7P211714,AVI DENTAL AND MULTISPECIALITY CLINIC,NCT OF Delhi,EAST DELHI,9899456720,SM,,Only CGHS,No
HOSP7P211725,A K DENTAL SUPERSPECIALITY CLINIC,NCT OF Delhi,SOUTH WEST DELHI,8586860199,OC,,Only CGHS,No
HOSP7P211742,RADIANCE DIAGNOSTIC CENTRE,NCT OF Delhi,CENTRAL DELHI,9999572788,-NA-,Private(For Profit),Only CGHS,No
HOSP7P211746,IMAX Denatl Multispeciality Clinic,NCT OF Delhi,SOUTH DELHI,9717895965,"CP, OC, SM",,Only CGHS,No
HOSP7P211749,DR.JAISWAL DENTAL CARE CENTRE,NCT OF Delhi,NORTH DELHI,9811816700,SM,,Only CGHS,No
HOSP7P211759,GUPTA DENTAL CARE & ORTHODONTIC CENTRE,NCT OF Delhi,NEW DELHI,9873309899,SM,,Only CGHS,No
HOSP7P211764,Dentistry Futura & Implant Centre,NCT OF Delhi,SOUTH WEST DELHI,9350042832,SM,,Only CGHS,No
HOSP7P211767,EYE CARE,NCT OF Delhi,NORTH WEST DELHI,9310115745,SE,Private(For Profit),Only CGHS,No
HOSP7P211781,DENTEM GT DENTA CARE LLP,NCT OF Delhi,SOUTH WEST DELHI,9555934715,SM,,Only CGHS,No
HOSP7P211786,DENTAL XPERTS,NCT OF Delhi,NORTH WEST DELHI,8860700181,"OC, SM",Private(For Profit),Only CGHS,No
HOSP7P211792,NU DENTAL MAESTRO,NCT OF Delhi,SHAHDARA,8477967207,SM,Private(For Profit),Only CGHS,No
HOSP7P211795,Maximus Dental Centre,NCT OF Delhi,SOUTH DELHI,9350214951,SM,,Only CGHS,No
HOSP7P211798,Ace Multispeciality Dental Clinic,NCT OF Delhi,NORTH WEST DELHI,9419174466,SM,Private(For Profit),Only CGHS,No
HOSP7P211801,ethical dental,NCT OF Delhi,NORTH WEST DELHI,9818460494,SM,Private(For Profit),Only CGHS,No
HOSP7P211802,DEEP MEDICAL CENTER,NCT OF Delhi,NORTH EAST DELHI,9811634258,-NA-,Private(For Profit),Only CGHS,No
HOSP7P211803,AGGARWAL SUPERSPECIALITY DENTAL CLINIC,NCT OF Delhi,SHAHDARA,9999187475,CP,,Only CGHS,No
HOSP7P211806,City Imaging and Clinical Labs LLP,NCT OF Delhi,SOUTH WEST DELHI,8800999404,-NA-,Private(For Profit),Only CGHS,No
HOSP7P211810,Ganpati Dental Clinic ,NCT OF Delhi,NORTH WEST DELHI,9911922088,"OC, SM",,Only CGHS,No
HOSP7P211822,BEST O CARE DENTAL CLINIC,NCT OF Delhi,NORTH WEST DELHI,9220825822,SM,Private(For Profit),Only CGHS,No
HOSP7P211830,Devom Healthcare,NCT OF Delhi,NORTH WEST DELHI,9212411778,SM,,Only CGHS,No
HOSP7P211832,Vinayak Hospital ,NCT OF Delhi,NORTH WEST DELHI,9311082071,"BM, MC, MG, MO, MP, OC, SB, SE, SG, SN, SO, SP, SU",Private(Not For Profit),Only CGHS,No
HOSP7P211852,DELHI DENTAL & MEDICAL CENTRE,NCT OF Delhi,CENTRAL DELHI,9810294530,CP,Private(For Profit),Only CGHS,No
HOSP7P211860,Amoghs Dental World,NCT OF Delhi,WEST DELHI,9999900374,SM,,Only CGHS,No
HOSP7P211872,TULSI DENTAL AND IMPLAN CENTRE,NCT OF Delhi,NORTH WEST DELHI,9136175478,SM,Private(For Profit),Only CGHS,No
HOSP7P211873,THE DENTIST DENTAL CLINIC,NCT OF Delhi,SOUTH EAST DELHI,9999824676,SM,,Only CGHS,No
HOSP7P211879,AMVISION EYE AND CHILD CARE,NCT OF Delhi,EAST DELHI,9310103797,SE,Private(For Profit),Only CGHS,No
HOSP7P211886,Dr Budhirajas Multispeciality Dental Centre ,NCT OF Delhi,EAST DELHI,9810684487,SM,,Only CGHS,No
HOSP7P211887,Dr Ritesh Choudharys Yentl Dental Clinic,NCT OF Delhi,SOUTH EAST DELHI,9873668501,SM,,Only CGHS,No
HOSP7P211890,GUPTA MULTISPECIALITY DENTAL CLINIC,NCT OF Delhi,NORTH WEST DELHI,8800224920,SM,,Only CGHS,No
HOSP7P211893,MATA ROOP RANI MAGGO HOSPITAL,NCT OF Delhi,WEST DELHI,9354887216,"CP, MC, MG, MN, MO, MP, OC, SB, SE, SG, SL, SM, SN, SO, SP, SS, SU",Private(For Profit),Only CGHS,Yes
HOSP7P211896,TRILOK DIAGNOSTICS AND HEALTHCARE PVT. LTD.,NCT OF Delhi,NORTH EAST DELHI,9818088920,OC,,Only CGHS,No
HOSP7P211910,MINIMAL ACCESS SMART SURGERY HOSPITALS PRIVATE LIMITED,NCT OF Delhi,SOUTH DELHI,8076604887,"CP, MG, MO, OC, SB, SG, SU",Private(For Profit),Only CGHS,Yes
HOSP7P211911,SHAKTI DENTAL AND IMPLANT CENTRE,NCT OF Delhi,NORTH WEST DELHI,9818218373,SM,,Only CGHS,No
HOSP7P211925,DR CHAUHANS BALAJI DENTAL CLINIC,NCT OF Delhi,NORTH WEST DELHI,9811567752,SM,,Only CGHS,No
HOSP7P211926,BHARDWAJ DENTAL SOLUTIONS,NCT OF Delhi,SOUTH WEST DELHI,9599054009,SM,,Only CGHS,No
HOSP7P211927,YASH DENTAL ORTHODONTIC AND AESTHETIC CENTRE,NCT OF Delhi,WEST DELHI,9899332726,SM,,Only CGHS,No
HOSP7P211928,TYAGI DENTAL CLINIC,NCT OF Delhi,SOUTH WEST DELHI,9999084629,SM,,Only CGHS,No
HOSP7P211938,Dental Affairz,NCT OF Delhi,NEW DELHI,9910736963,SM,,Only CGHS,No
HOSP7P211958,DR BANSAL IMAGING AND PATHLAB PVT LTD,NCT OF Delhi,SHAHDARA,7827255321,-NA-,,Only CGHS,No
HOSP7P211961,FRIENDS X RAY CENTRE DIAGNOSTIC AND IMAGING,NCT OF Delhi,NORTH WEST DELHI,9810533520,-NA-,Private(For Profit),Only CGHS,No
HOSP7P211970,RAJMIT HEALTHCARE RHD MEDICAL PVT LTD,NCT OF Delhi,NORTH WEST DELHI,8595839599,-NA-,Private(For Profit),Only CGHS,No
HOSP7P212016,amayra dental clinic,NCT OF Delhi,CENTRAL DELHI,9811763843,SM,,Only CGHS,No
HOSP7P212022,Smile India Dental Clinic,NCT OF Delhi,EAST DELHI,8860418378,SM,,Only CGHS,No
HOSP7P212025,RAJA DENTAL CARE CENRE,NCT OF Delhi,EAST DELHI,9999097055,SM,,Only CGHS,No
HOSP7P212026,Pearl White Dental Clinic ,NCT OF Delhi,NORTH DELHI,9958598066,SM,,Only CGHS,No
HOSP7P212070,Dabas dantal clinic implant &Orthodontic Centre,NCT OF Delhi,SOUTH WEST DELHI,9811176568,SM,,Only CGHS,No
HOSP7P212156,Pearl White Dental Clinic,NCT OF Delhi,CENTRAL DELHI,9958598066,SM,,Only CGHS,No
HOSP7P212157,Pearl White Dental Clinic,NCT OF Delhi,SOUTH DELHI,8527109724,SM,,Only CGHS,No
HOSP7P27306,NKS HOSPITAL A UNIT OF BRAM HEALTH CARE PVT LTD,NCT OF Delhi,NEW DELHI,8595952710,"M1, M2, S8, M7, S7, S1, S16, S2, S3, S4, S5, S6, S9",Private(Not For Profit),PMJAY,No
HOSP98G111990,VALLABHBHAI PATEL CHEST INSTITUTE,NCT OF Delhi,NEW DELHI,9650853257,M1,GOI,PMJAY,No
HOSP98G112145,COMPOSITE HOSPITAL CRPF ,NCT OF Delhi,NEW DELHI,9717923612,"M1, M7, M2, M8, S1, S16, S2, S3, S4, S5",GOI,PMJAY,No
HOSP98G112786,NDMC Charak Palika Hospital,NCT OF Delhi,NEW DELHI,8595234392,"M1, M7, M2, S1, S2, S3, S5",GOI,PMJAY,No
HOSP99G90781,Northern Railway Central Hospital New Delhi,NCT OF Delhi,CENTRAL DELHI,9717630542,"M1, M7, M2, S1, S2, S3, S4, S5",GOI,PMJAY,No
HOSP99G90815,Northern Railway Divisional Hospital . Delhi ,NCT OF Delhi,NORTH DELHI,9717630548,"M1, M7, S16, S2, S3, S4, S5",GOI,PMJAY,No
HOSP99P100617,Metro Hospital & Cancer Institute,NCT OF Delhi,NEW DELHI,9891177257,"M4, M5, M6, S12, S13, S15",Private(For Profit),PMJAY,No
HOSP99P101168,RLKC HOSPITAL METRO HEART INSTITUTE,NCT OF Delhi,NEW DELHI,7217853125,"S12, S13, M1, M7, S7, M5, S1, S5, S8, S9",Private(For Profit),PMJAY,No
HOSP99P102062,CENTRE FOR SIGHT DWARKA,NCT OF Delhi,NEW DELHI,9958422442,S3,Private(For Profit),PMJAY,No
HOSP99P108397,Medanta The Medicity ,NCT OF Delhi,NEW DELHI,9810203086,"S12, S13",Private(For Profit),PMJAY,No
HOSP99P77967,Park Hospital A unit of Park Medi World Pvt Ltd ,NCT OF Delhi,NEW DELHI,6262929273,"M1, M2, S8, M7, S7, M3, M4, M5, M6, S1, S10, S11, S12, S13, S14, S15, S2, S3, S4, S5, S6, S9",Private(For Profit),PMJAY,No
HOSP99P84294,Hakim Abdul Hameed Centenary Hospital,NCT OF Delhi,SOUTH DELHI,7065085505,"M1, M7, S7, M2, M3, S1, S10, S11, S14, S16, S2, S3, S4, S5, S6, S8, S9",Private(Not For Profit),PMJAY,No
LAB18022021,JDAR PATHOLOGY LABORATORY,NCT OF Delhi,SOUTH WEST DELHI,9654092580,-NA-,,Only CAPF,No
LAB19022021,DR LALCHANDANI LABS LTD,NCT OF Delhi,SOUTH WEST DELHI,9953605505,-NA-,,Only CAPF,No
LAB7670129704,UNIPATH DIAGNOSTICS,NCT OF Delhi,SOUTH EAST DELHI,9911828229,-NA-,,Only CGHS,Yes
LAB7670130181,UNIPATH DIAGNOSTICS,NCT OF Delhi,SOUTH EAST DELHI,9911828229,-NA-,,Only CGHS,Yes
LAB7670130237,Hamdard Imaging Centre A unit Of Clearmedi Healthcare Pvt Ltd,NCT OF Delhi,SOUTH DELHI,9818840102,-NA-,,Only CGHS,Yes
LAB7670178498,AK HEALTH QUOTIENT INDIA PVT LTD,NCT OF Delhi,SOUTH EAST DELHI,9810396794,-NA-,,Only CGHS,No
LAB7670211236,Advanced Genomics Institute & Laboratory Medicine Pvt Ltd,NCT OF Delhi,SOUTH EAST DELHI,9818805777,-NA-,,Only CGHS,No
LAB7671211645,DR BANSAL IMAGING AND PATHLAB PVT LTD,NCT OF Delhi,SHAHDARA,7827255321,-NA-,,Only CGHS,No
LAB7671211793,DR. KAUSHIK PATH LABS,NCT OF Delhi,NORTH EAST DELHI,9899367123,-NA-,,Only CGHS,No
LAB777130128,SGD DIAGNOTIC CENTER,NCT OF Delhi,CENTRAL DELHI,8178935485,-NA-,,Only CGHS,No
LAB777130939,DR SETHS PATH LAB LLP,NCT OF Delhi,CENTRAL DELHI,9910666871,-NA-,,Only CGHS,Yes
LAB778128445,LIFE LINE DIAGNOSTICS,NCT OF Delhi,EAST DELHI,7827070929,-NA-,,Only CGHS,No
LAB778131038,PLATINUM IMAGING CENTRE,NCT OF Delhi,EAST DELHI,9891603919,-NA-,,Only CGHS,Yes
LAB778209870,HEALTHCHEK DIAGNOSTICS .... Unit of Plasma HealthChek Diagnostics Pvt Ltd.,NCT OF Delhi,EAST DELHI,9871168100,-NA-,,Only CGHS,No
LAB778211192,Zaina Diagnostic and Imaging Centre,NCT OF Delhi,EAST DELHI,9717678464,-NA-,,Only CGHS,No
LAB778211502,AHINSA JAIN DHARMARTH SANSTHAN,NCT OF Delhi,EAST DELHI,9354411800,-NA-,,Only CGHS,No
LAB778211847,APOLLO HEALTH AND LIFESTYLE LIMITED. APOLLO DIAGNOSTICS DELHI,NCT OF Delhi,EAST DELHI,9220228003,-NA-,,Only CGHS,No
LAB779211220,Sadhu Vaswani Mission Medical Centre,NCT OF Delhi,NEW DELHI,9818718764,-NA-,,Only CGHS,No
LAB779211379,AYUSHMAN DIAGNOSTIC & IMAGING CENTRE,NCT OF Delhi,SOUTH DELHI,9990939566,-NA-,,Only CGHS,Yes
LAB780209561,PUBLIC PATH LAB AND DIAGNOSTIC CENTRE,NCT OF Delhi,NORTH DELHI,9818829796,-NA-,,Only CGHS,No
LAB782128070,ROG NIDAN KENDRA,NCT OF Delhi,NORTH WEST DELHI,9711499463,-NA-,,Only CGHS,No
LAB782131126,DR.D.K.GULATIPATH LAB,NCT OF Delhi,NORTH WEST DELHI,9810223923,-NA-,,Only CGHS,No
LAB782211650,BEST DIAGNOSTICS PVT. LTD.,NCT OF Delhi,NEW DELHI,8448664527,-NA-,,Only CGHS,No
LAB782211768,Echo & Color Doppler Centre ,NCT OF Delhi,NORTH WEST DELHI,9560188488,-NA-,,Only CGHS,No
LAB782211800,Apollo Clinic A unit of RKM Enteprises,NCT OF Delhi,NORTH WEST DELHI,8287663284,-NA-,,Only CGHS,No
LAB783130170,SRL LIMITED,NCT OF Delhi,NEW DELHI,9818448043,-NA-,,Only CGHS,No
LAB783132915,METROPOLIS HEALTHCARE LIMITED,NCT OF Delhi,SOUTH DELHI,9821593751,-NA-,,Only CGHS,Yes
LAB783134130,SAWAN NEELU ANGELS DIAGNOSTIC CLINICAL LABORATORY,NCT OF Delhi,SOUTH DELHI,8586999745,-NA-,,Only CGHS,Yes
LAB783209920,VITRANA HEALTHCARE LLP,NCT OF Delhi,SOUTH DELHI,9810447743,-NA-,,Only CGHS,No
LAB783209951,ZIAGNOSIS The Diagnostic Lab,NCT OF Delhi,SOUTH DELHI,8882689488,-NA-,,Only CGHS,Yes
LAB783211108,MEDTECH DIAGNOSTICS,NCT OF Delhi,SOUTH DELHI,7827155385,-NA-,,Only CGHS,No
LAB783211533,DR KHANNAS PATHCARE PVT LTD,NCT OF Delhi,SOUTH DELHI,9899099820,-NA-,,Only CGHS,No
LAB783211605,DGChem Labs Pvt.Ltd.,NCT OF Delhi,SOUTH DELHI,9810650600,-NA-,,Only CGHS,No
LAB783211623,DR KHANNAS PATHCARE PVT LTD,NCT OF Delhi,SOUTH DELHI,9899099820,-NA-,,Only CGHS,No
LAB783211815,DPLUS DIAGNOCARE Unit of D Pauls Travel & Tours Limited,NCT OF Delhi,SOUTH DELHI,9212647114,-NA-,,Only CGHS,No
LAB783212047,TATA 1MG TECHNOLOGIES PRIVATE LIMITED,NCT OF Delhi,SOUTH DELHI,9810508182,-NA-,,Only CGHS,No
LAB784211249,sparkle diagnostics and imaging LLP,NCT OF Delhi,SOUTH DELHI,7065292584,-NA-,,Only CGHS,No
LAB784211469,PROTIME LABS,NCT OF Delhi,SOUTH WEST DELHI,8929070707,-NA-,,Only CGHS,No
LAB784211784,DRX LABS,NCT OF Delhi,SOUTH WEST DELHI,8750813065,-NA-,,Only CGHS,No
LAB785129816,janta x ray clinic pvt ltd,NCT OF Delhi,WEST DELHI,9650773529,-NA-,,Only CGHS,Yes
LAB785209919,VITRANA HEALTHCARE LLP,NCT OF Delhi,NORTH WEST DELHI,9810447743,-NA-,,Only CGHS,No
LAB785211540,ORBITMED DIAGNOSTICS LLP,NCT OF Delhi,WEST DELHI,9250027527,-NA-,,Only CGHS,Yes
LAB785211577,EDGE IMAGING & DIAGNOSTICS,NCT OF Delhi,WEST DELHI,9810447029,-NA-,,Only CGHS,No